Data;Device ID;Link Quality Indicator;Operator;Sequence number;Timestamp;;Mensajes perdidos;Mensajes perdidos por dia;Mensajes enviados por dia
0000000035778340020200;004D54B4;Average;SIGFOX_Chile_Mintek;68;08-01-2020 13:46;1;0;3;68
00000000567a8240020200;004D54B4;Average;SIGFOX_Chile_Mintek;66;08-01-2020 13:16;2;1;;
000000000ae38240020200;004D54B4;Limit;SIGFOX_Chile_Mintek;65;08-01-2020 13:01;1;0;;
0000000001218340020200;004D54B4;Average;SIGFOX_Chile_Mintek;64;08-01-2020 13:00;1;0;;
0000000062da8240010200;004D54B4;Limit;SIGFOX_Chile_Mintek;63;08-01-2020 13:00;1;0;;
9a995f43d6628340000000;004D54B4;Average;SIGFOX_Chile_Mintek;62;08-01-2020 12:45;1;0;;
66665e4390678340000000;004D54B4;Average;SIGFOX_Chile_Mintek;61;08-01-2020 12:30;1;0;;
00805f43f4788340000000;004D54B4;Average;SIGFOX_Chile_Mintek;60;08-01-2020 12:15;1;0;;
3333604334338340000000;004D54B4;Average;SIGFOX_Chile_Mintek;59;08-01-2020 12:00;1;0;;
000000001a3a8240020200;004D54B4;Average;SIGFOX_Chile_Mintek;58;08-01-2020 11:46;1;0;;
00000000a9e28240020200;004D54B4;Average;SIGFOX_Chile_Mintek;57;08-01-2020 11:31;1;0;;
000000000fd68240020200;004D54B4;Average;SIGFOX_Chile_Mintek;56;08-01-2020 11:30;1;0;;
0000000068108340010200;004D54B4;Average;SIGFOX_Chile_Mintek;55;08-01-2020 11:30;1;0;;
66e661430e438340000000;004D54B4;Average;SIGFOX_Chile_Mintek;54;08-01-2020 11:15;1;0;;
666661439c928340000000;004D54B4;Average;SIGFOX_Chile_Mintek;53;08-01-2020 11:00;1;0;;
66666243c2518340000000;004D54B4;Average;SIGFOX_Chile_Mintek;52;08-01-2020 10:45;1;0;;
33336343e6808340000000;004D54B4;Average;SIGFOX_Chile_Mintek;51;08-01-2020 10:30;1;0;;
0000000084338240020200;004D54B4;Average;SIGFOX_Chile_Mintek;50;08-01-2020 10:16;1;0;;
000000007ec68240020200;004D54B4;Average;SIGFOX_Chile_Mintek;49;08-01-2020 10:01;1;0;;
000000002af58240020200;004D54B4;Average;SIGFOX_Chile_Mintek;48;08-01-2020 10:00;1;0;;
00000000d20f8340010200;004D54B4;Average;SIGFOX_Chile_Mintek;47;08-01-2020 10:00;1;0;;
cdcc6243926f8340000000;004D54B4;Average;SIGFOX_Chile_Mintek;46;08-01-2020 9:45;1;0;;
cdcc62433c4b8340000000;004D54B4;Average;SIGFOX_Chile_Mintek;45;08-01-2020 9:30;1;0;;
666663432c7a8340000000;004D54B4;Average;SIGFOX_Chile_Mintek;44;08-01-2020 9:15;1;0;;
9a9963435f618340000000;004D54B4;Average;SIGFOX_Chile_Mintek;43;08-01-2020 9:00;1;0;;
0000000076de8240020200;004D54B4;Average;SIGFOX_Chile_Mintek;41;08-01-2020 8:31;2;1;;
0000000000288340020200;004D54B4;Average;SIGFOX_Chile_Mintek;40;08-01-2020 8:30;1;0;;
00000000fddf8240010200;004D54B4;Average;SIGFOX_Chile_Mintek;39;08-01-2020 8:30;1;0;;
9a196043b94d8340000000;004D54B4;Average;SIGFOX_Chile_Mintek;38;08-01-2020 8:15;1;0;;
cdcc62438c428340000000;004D54B4;Average;SIGFOX_Chile_Mintek;37;08-01-2020 8:00;1;0;;
66e661432f448340000000;004D54B4;Average;SIGFOX_Chile_Mintek;36;08-01-2020 7:45;1;0;;
00006243ce558240000000;004D54B4;Average;SIGFOX_Chile_Mintek;35;08-01-2020 7:30;1;0;;
000000008d1c8240020200;004D54B4;Average;SIGFOX_Chile_Mintek;34;08-01-2020 7:16;1;0;;
0000000088bf8240020200;004D54B4;Average;SIGFOX_Chile_Mintek;33;08-01-2020 7:01;1;0;;
0000000081e58240020200;004D54B4;Average;SIGFOX_Chile_Mintek;32;08-01-2020 7:00;1;0;;
0000000072cc8240010200;004D54B4;Average;SIGFOX_Chile_Mintek;31;08-01-2020 7:00;1;0;;
9a196343e2448340000000;004D54B4;Average;SIGFOX_Chile_Mintek;30;08-01-2020 6:45;1;0;;
cdcc6243a5578340000000;004D54B4;Average;SIGFOX_Chile_Mintek;29;08-01-2020 6:30;1;0;;
0000644356578340000000;004D54B4;Average;SIGFOX_Chile_Mintek;28;08-01-2020 6:15;1;0;;
cd4c64434e0e8340000000;004D54B4;Average;SIGFOX_Chile_Mintek;27;08-01-2020 6:00;1;0;;
000000008cd78140020200;004D54B4;Average;SIGFOX_Chile_Mintek;26;08-01-2020 5:46;1;0;;
00000000c0ec8240020200;004D54B4;Average;SIGFOX_Chile_Mintek;25;08-01-2020 5:31;1;0;;
000000002c908240020200;004D54B4;Average;SIGFOX_Chile_Mintek;24;08-01-2020 5:30;1;0;;
3333654384698340000000;004D54B4;Average;SIGFOX_Chile_Mintek;22;08-01-2020 5:15;2;1;;
00806443174d8340000000;004D54B4;Average;SIGFOX_Chile_Mintek;21;08-01-2020 5:00;1;0;;
33b36443658a8340000000;004D54B4;Average;SIGFOX_Chile_Mintek;20;08-01-2020 4:45;1;0;;
00006543426e8340000000;004D54B4;Average;SIGFOX_Chile_Mintek;19;08-01-2020 4:30;1;0;;
00000000326f8240020200;004D54B4;Average;SIGFOX_Chile_Mintek;18;08-01-2020 4:16;1;0;;
00000000e8d68240020200;004D54B4;Average;SIGFOX_Chile_Mintek;17;08-01-2020 4:01;1;0;;
0000000030e28240020200;004D54B4;Average;SIGFOX_Chile_Mintek;16;08-01-2020 4:00;1;0;;
000000003ccf8240010200;004D54B4;Limit;SIGFOX_Chile_Mintek;15;08-01-2020 4:00;1;0;;
9a99644358658340000000;004D54B4;Average;SIGFOX_Chile_Mintek;14;08-01-2020 3:45;1;0;;
66e663435f3c8340000000;004D54B4;Average;SIGFOX_Chile_Mintek;13;08-01-2020 3:30;1;0;;
66666443dc788340000000;004D54B4;Limit;SIGFOX_Chile_Pilot Telefonica (temp);12;08-01-2020 3:15;1;0;;
00806343a2368340000000;004D54B4;Average;SIGFOX_Chile_Mintek;11;08-01-2020 3:00;1;0;;
00000000f0278240020200;004D54B4;Average;SIGFOX_Chile_Mintek;10;08-01-2020 2:46;1;0;;
0000000082e38240020200;004D54B4;Average;SIGFOX_Chile_Mintek;9;08-01-2020 2:31;1;0;;
0000000000c68240020200;004D54B4;Average;SIGFOX_Chile_Mintek;8;08-01-2020 2:30;1;0;;
00000000a6cd8240010200;004D54B4;Average;SIGFOX_Chile_Mintek;7;08-01-2020 2:30;1;0;;
66e6614356408340000000;004D54B4;Average;SIGFOX_Chile_Mintek;6;08-01-2020 2:15;1;0;;
008065434f548340000000;004D54B4;Average;SIGFOX_Chile_Mintek;5;08-01-2020 2:00;1;0;;
9a196543b47e8340000000;004D54B4;Average;SIGFOX_Chile_Mintek;4;08-01-2020 1:45;1;0;;
cdcc6443c8578340000000;004D54B4;Average;SIGFOX_Chile_Mintek;3;08-01-2020 1:30;1;0;;
0000000006bd8140020200;004D54B4;Average;SIGFOX_Chile_Mintek;2;08-01-2020 1:15;1;0;;
000000002edf8240020200;004D54B4;Limit;SIGFOX_Chile_Mintek;1;08-01-2020 1:00;1;0;;
cd4c634396378340000000;004D54B4;Average;SIGFOX_Chile_Mintek;0;08-01-2020 0:49;1;0;;
cd4c6343f74b8340000000;004D54B4;Average;SIGFOX_Chile_Mintek;3871;08-01-2020 0:00;1;0;;
008063430b4b8340000000;004D54B4;Average;SIGFOX_Chile_Mintek;3870;08-01-2020 0:00;1;0;;
0000000099398240020200;004D54B4;Average;SIGFOX_Chile_Mintek;3869;07-01-2020 23:45;1;0;1;26
00000000c2d48240020200;004D54B4;Average;SIGFOX_Chile_Mintek;3868;07-01-2020 23:31;1;0;;
000000004ae48240020200;004D54B4;Average;SIGFOX_Chile_Mintek;3867;07-01-2020 23:30;1;0;;
000000006a288340010200;004D54B4;Average;SIGFOX_Chile_Mintek;3866;07-01-2020 23:30;1;0;;
000000009cc4a03f020202;004D54B4;Limit;SIGFOX_Chile_Mintek;3865;07-01-2020 3:27;1;0;;
66e6634356128340000000;004D54B4;Average;SIGFOX_Chile_Mintek;3864;07-01-2020 3:25;1;0;;
0000000054b98140020200;004D54B4;Average;SIGFOX_Chile_Mintek;3863;07-01-2020 3:20;1;0;;
000000000e0c8240020200;004D54B4;Average;SIGFOX_Chile_Mintek;3862;07-01-2020 3:14;1;0;;
66666343e0268340000000;004D54B4;Limit;SIGFOX_Chile_Pilot Telefonica (temp);3861;07-01-2020 3:12;1;0;;
0000000044ff8140020200;004D54B4;Average;SIGFOX_Chile_Mintek;3859;07-01-2020 2:56;2;1;;
00000000f5da8140020200;004D54B4;Average;SIGFOX_Chile_Mintek;3858;07-01-2020 2:54;1;0;;
66e66243c8ef8140000000;004D54B4;Limit;SIGFOX_Chile_Mintek;3857;07-01-2020 2:44;1;0;;
0000634364548240000000;004D54B4;Average;SIGFOX_Chile_Mintek;3856;07-01-2020 2:32;1;0;;
33336243eede8240000000;004D54B4;Average;SIGFOX_Chile_Mintek;3855;07-01-2020 2:20;1;0;;
66e66543141c8340000000;004D54B4;Average;SIGFOX_Chile_Mintek;3854;07-01-2020 2:08;1;0;;
3333654386358340000000;004D54B4;Average;SIGFOX_Chile_Mintek;3853;07-01-2020 1:56;1;0;;
00806443c0238340000000;004D54B4;Average;SIGFOX_Chile_Mintek;3852;07-01-2020 1:44;1;0;;
cdcc6343ba508340000000;004D54B4;Average;SIGFOX_Chile_Mintek;3851;07-01-2020 1:32;1;0;;
66666443243e8340000000;004D54B4;Average;SIGFOX_Chile_Mintek;3850;07-01-2020 1:20;1;0;;
66666343ac5e8340000000;004D54B4;Limit;SIGFOX_Chile_Mintek;3849;07-01-2020 1:08;1;0;;
cdcc6243c91a8340000000;004D54B4;Average;SIGFOX_Chile_Mintek;3848;07-01-2020 0:56;1;0;;
666662435e358340000000;004D54B4;Average;SIGFOX_Chile_Mintek;3847;07-01-2020 0:44;1;0;;
33b3614338438340000000;004D54B4;Average;SIGFOX_Chile_Mintek;3846;07-01-2020 0:32;1;0;;
cdcc6043b1578340000000;004D54B4;Average;SIGFOX_Chile_Mintek;3845;07-01-2020 0:20;1;0;;
33b35e4321278340000000;004D54B4;Average;SIGFOX_Chile_Mintek;3844;07-01-2020 0:13;1;0;;
00000000fe488140020200;004D54B4;Average;SIGFOX_Chile_Mintek;3843;07-01-2020 0:08;1;0;;
0000000096638140020200;004D54B4;Average;SIGFOX_Chile_Mintek;3842;06-01-2020 23:56;1;0;13;127
000000004ac98140020200;004D54B4;Average;SIGFOX_Chile_Mintek;3841;06-01-2020 23:52;1;0;;
33b35f43eca78140000000;004D54B4;Limit;SIGFOX_Chile_Mintek;3840;06-01-2020 23:44;1;0;;
9a19604394178240000000;004D54B4;Average;SIGFOX_Chile_Mintek;3839;06-01-2020 23:31;1;0;;
66665f43c2848240000000;004D54B4;Average;SIGFOX_Chile_Mintek;3838;06-01-2020 23:19;1;0;;
cd4c6043de028340000000;004D54B4;Average;SIGFOX_Chile_Mintek;3837;06-01-2020 23:07;1;0;;
9a195e43ca4a8340000000;004D54B4;Average;SIGFOX_Chile_Mintek;3836;06-01-2020 22:55;1;0;;
33335e434e1a8340000000;004D54B4;Average;SIGFOX_Chile_Mintek;3835;06-01-2020 22:43;1;0;;
cd4c5e4332368340000000;004D54B4;Average;SIGFOX_Chile_Mintek;3834;06-01-2020 22:31;1;0;;
33335d43de778340000000;004D54B4;Average;SIGFOX_Chile_Mintek;3833;06-01-2020 22:19;1;0;;
00005f43b6138340000000;004D54B4;Average;SIGFOX_Chile_Mintek;3832;06-01-2020 22:12;1;0;;
0000000000328240020200;004D54B4;Average;SIGFOX_Chile_Mintek;3831;06-01-2020 22:07;1;0;;
00000000b48c8240020200;004D54B4;Average;SIGFOX_Chile_Mintek;3830;06-01-2020 21:55;1;0;;
0000000050c58240020200;004D54B4;Limit;SIGFOX_Chile_Mintek;3829;06-01-2020 21:53;1;0;;
cdcc59430f1f8340000000;004D54B4;Limit;SIGFOX_Chile_Mintek;3828;06-01-2020 21:43;1;0;;
00005d43d8368340000000;004D54B4;Average;SIGFOX_Chile_Mintek;3827;06-01-2020 21:31;1;0;;
cdcc5c430a488340000000;004D54B4;Average;SIGFOX_Chile_Mintek;3826;06-01-2020 21:19;1;0;;
33b35e43aa4c8340000000;004D54B4;Average;SIGFOX_Chile_Mintek;3825;06-01-2020 21:07;1;0;;
9a195f43c20a8340000000;004D54B4;Average;SIGFOX_Chile_Mintek;3824;06-01-2020 20:55;1;0;;
9a19614312298340000000;004D54B4;Average;SIGFOX_Chile_Mintek;3822;06-01-2020 20:31;2;1;;
33b36343581d8340000000;004D54B4;Average;SIGFOX_Chile_Mintek;3821;06-01-2020 20:19;1;0;;
66666243600b8340000000;004D54B4;Average;SIGFOX_Chile_Mintek;3820;06-01-2020 20:13;1;0;;
000000001c2a8240020200;004D54B4;Average;SIGFOX_Chile_Mintek;3819;06-01-2020 20:07;1;0;;
000000001cbb8240020200;004D54B4;Average;SIGFOX_Chile_Mintek;3818;06-01-2020 19:55;1;0;;
000000006ef48240020200;004D54B4;Average;SIGFOX_Chile_Mintek;3817;06-01-2020 19:52;1;0;;
cd4c62434d488340000000;004D54B4;Average;SIGFOX_Chile_Mintek;3816;06-01-2020 19:43;1;0;;
9a1962439e188340000000;004D54B4;Limit;SIGFOX_Chile_Mintek;3815;06-01-2020 19:31;1;0;;
9a996243a6668340000000;004D54B4;Average;SIGFOX_Chile_Mintek;3814;06-01-2020 19:19;1;0;;
33b36243d8588340000000;004D54B4;Average;SIGFOX_Chile_Mintek;3813;06-01-2020 19:06;1;0;;
cdcc6243843b8340000000;004D54B4;Average;SIGFOX_Chile_Mintek;3812;06-01-2020 18:54;1;0;;
33b363438a158340000000;004D54B4;Average;SIGFOX_Chile_Mintek;3811;06-01-2020 18:42;1;0;;
cdcc5d432a0d8340000000;004D54B4;Average;SIGFOX_Chile_Mintek;3810;06-01-2020 18:30;1;0;;
66e66143ba018340000000;004D54B4;Limit;SIGFOX_Chile_Mintek;3809;06-01-2020 18:18;1;0;;
00006143a6848240000000;004D54B4;Average;SIGFOX_Chile_Mintek;3808;06-01-2020 18:12;1;0;;
00000000f5ef7e40020200;004D54B4;Average;SIGFOX_Chile_Mintek;3807;06-01-2020 18:06;1;0;;
0000000007867f40020200;004D54B4;Limit;SIGFOX_Chile_Mintek;3806;06-01-2020 17:54;1;0;;
00000000c6747f40020200;004D54B4;Average;SIGFOX_Chile_Mintek;3805;06-01-2020 17:51;1;0;;
00805d4308c17f40000000;004D54B4;Average;SIGFOX_Chile_Mintek;3804;06-01-2020 17:42;1;0;;
66e65f434f278040000000;004D54B4;Average;SIGFOX_Chile_Mintek;3803;06-01-2020 17:30;1;0;;
9a995f4397808040000000;004D54B4;Limit;SIGFOX_Chile_Mintek;3802;06-01-2020 17:18;1;0;;
9a99604395b78040000000;004D54B4;Average;SIGFOX_Chile_Mintek;3801;06-01-2020 17:06;1;0;;
cd4c60430cd28040000000;004D54B4;Average;SIGFOX_Chile_Mintek;3800;06-01-2020 16:54;1;0;;
00806043c4228140000000;004D54B4;Average;SIGFOX_Chile_Mintek;3799;06-01-2020 16:42;1;0;;
6666604307bf8140000000;004D54B4;Average;SIGFOX_Chile_Mintek;3798;06-01-2020 16:30;1;0;;
6666604316128240000000;004D54B4;Average;SIGFOX_Chile_Mintek;3797;06-01-2020 16:18;1;0;;
cdcc5e430a578240000000;004D54B4;Limit;SIGFOX_Chile_Mintek;3796;06-01-2020 16:06;1;0;;
cdcc5f43f0178340000000;004D54B4;Average;SIGFOX_Chile_Mintek;3795;06-01-2020 15:54;1;0;;
33336043ee4d8340000000;004D54B4;Average;SIGFOX_Chile_Mintek;3793;06-01-2020 15:30;2;1;;
66e65e4306368340000000;004D54B4;Average;SIGFOX_Chile_Mintek;3792;06-01-2020 15:18;1;0;;
cdcc5f43e4448340000000;004D54B4;Average;SIGFOX_Chile_Mintek;3791;06-01-2020 15:11;1;0;;
00000000e2428240020200;004D54B4;Average;SIGFOX_Chile_Mintek;3790;06-01-2020 15:06;1;0;;
0000000055d88240020200;004D54B4;Average;SIGFOX_Chile_Mintek;3789;06-01-2020 14:53;1;0;;
0000000011f88240020200;004D54B4;Average;SIGFOX_Chile_Mintek;3788;06-01-2020 14:52;1;0;;
9a995f432f8d8340000000;004D54B4;Average;SIGFOX_Chile_Mintek;3787;06-01-2020 14:41;1;0;;
66665f439a508340000000;004D54B4;Average;SIGFOX_Chile_Mintek;3785;06-01-2020 14:17;2;1;;
00805f43c44f8340000000;004D54B4;Average;SIGFOX_Chile_Mintek;3784;06-01-2020 14:05;1;0;;
6666604311de8240000000;004D54B4;Average;SIGFOX_Chile_Mintek;3783;06-01-2020 13:53;1;0;;
666661431e668340000000;004D54B4;Average;SIGFOX_Chile_Mintek;3781;06-01-2020 13:29;2;1;;
333362435e368340000000;004D54B4;Average;SIGFOX_Chile_Mintek;3780;06-01-2020 13:17;1;0;;
666662438c088340000000;004D54B4;Average;SIGFOX_Chile_Mintek;3779;06-01-2020 13:11;1;0;;
0000000035658240020200;004D54B4;Average;SIGFOX_Chile_Mintek;3778;06-01-2020 13:05;1;0;;
0000000012a78240020200;004D54B4;Average;SIGFOX_Chile_Mintek;3777;06-01-2020 12:53;1;0;;
0000000053e58240020200;004D54B4;Average;SIGFOX_Chile_Mintek;3776;06-01-2020 12:52;1;0;;
9a19614388528340000000;004D54B4;Average;SIGFOX_Chile_Mintek;3774;06-01-2020 12:29;2;1;;
33336143c41f8340000000;004D54B4;Average;SIGFOX_Chile_Mintek;3773;06-01-2020 12:17;1;0;;
33b36243d4448340000000;004D54B4;Average;SIGFOX_Chile_Mintek;3772;06-01-2020 12:05;1;0;;
000063432c5d8340000000;004D54B4;Average;SIGFOX_Chile_Mintek;3771;06-01-2020 11:53;1;0;;
333362430d3e8340000000;004D54B4;Average;SIGFOX_Chile_Mintek;3770;06-01-2020 11:41;1;0;;
cdcc6243ee208340000000;004D54B4;Average;SIGFOX_Chile_Mintek;3769;06-01-2020 11:29;1;0;;
00006343f1ce8240000000;004D54B4;Average;SIGFOX_Chile_Mintek;3768;06-01-2020 11:26;1;0;;
00000000baba7e40020200;004D54B4;Average;SIGFOX_Chile_Mintek;3767;06-01-2020 11:17;1;0;;
00000000b42c7f40020200;004D54B4;Average;SIGFOX_Chile_Mintek;3766;06-01-2020 11:07;1;0;;
66665d4311c57f40000000;004D54B4;Average;SIGFOX_Chile_Mintek;3765;06-01-2020 11:05;1;0;;
9a19604305098040000000;004D54B4;Average;SIGFOX_Chile_Mintek;3764;06-01-2020 10:53;1;0;;
33b36043ed418040000000;004D54B4;Average;SIGFOX_Chile_Mintek;3763;06-01-2020 10:41;1;0;;
9a995f43089f8040000000;004D54B4;Average;SIGFOX_Chile_Mintek;3762;06-01-2020 10:28;1;0;;
000062433d568140000000;004D54B4;Average;SIGFOX_Chile_Mintek;3760;06-01-2020 10:04;2;1;;
9a195f4384738140000000;004D54B4;Average;SIGFOX_Chile_Mintek;3759;06-01-2020 9:52;1;0;;
0000604389f58140000000;004D54B4;Limit;SIGFOX_Chile_Mintek;3758;06-01-2020 9:40;1;0;;
33b35f4374788240000000;004D54B4;Average;SIGFOX_Chile_Mintek;3756;06-01-2020 9:16;2;1;;
3333614364938240000000;004D54B4;Average;SIGFOX_Chile_Mintek;3755;06-01-2020 9:04;1;0;;
3333604344558340000000;004D54B4;Limit;SIGFOX_Chile_Pilot Telefonica (temp);3754;06-01-2020 8:52;1;0;;
cd4c5f43fa498340000000;004D54B4;Average;SIGFOX_Chile_Mintek;3753;06-01-2020 8:40;1;0;;
cdcc6143e9588340000000;004D54B4;Average;SIGFOX_Chile_Mintek;3752;06-01-2020 8:28;1;0;;
33b35f435c3b8340000000;004D54B4;Average;SIGFOX_Chile_Mintek;3751;06-01-2020 8:16;1;0;;
cd4c604310f18240000000;004D54B4;Average;SIGFOX_Chile_Mintek;3750;06-01-2020 8:12;1;0;;
00000000b3728040020200;004D54B4;Average;SIGFOX_Chile_Mintek;3749;06-01-2020 8:04;1;0;;
00000000338b8040020200;004D54B4;Average;SIGFOX_Chile_Mintek;3748;06-01-2020 7:54;1;0;;
9a9961437cbf8040000000;004D54B4;Average;SIGFOX_Chile_Mintek;3747;06-01-2020 7:52;1;0;;
9a1962431de88040000000;004D54B4;Average;SIGFOX_Chile_Mintek;3746;06-01-2020 7:40;1;0;;
33b36243762c8140000000;004D54B4;Average;SIGFOX_Chile_Mintek;3744;06-01-2020 7:16;2;1;;
00006443ee6c8140000000;004D54B4;Limit;SIGFOX_Chile_Mintek;3743;06-01-2020 7:04;1;0;;
66666343836b8140000000;004D54B4;Average;SIGFOX_Chile_Mintek;3742;06-01-2020 6:52;1;0;;
00006443a8978140000000;004D54B4;Limit;SIGFOX_Chile_Mintek;3741;06-01-2020 6:40;1;0;;
6666634346ef8140000000;004D54B4;Average;SIGFOX_Chile_Mintek;3740;06-01-2020 6:28;1;0;;
33b3634344228240000000;004D54B4;Average;SIGFOX_Chile_Mintek;3739;06-01-2020 6:15;1;0;;
33b362438a518240000000;004D54B4;Limit;SIGFOX_Chile_Mintek;3738;06-01-2020 6:03;1;0;;
33b36243ecbb8240000000;004D54B4;Limit;SIGFOX_Chile_Mintek;3737;06-01-2020 5:51;1;0;;
66666343df478340000000;004D54B4;Average;SIGFOX_Chile_Mintek;3736;06-01-2020 5:39;1;0;;
cd4c6343e6308340000000;004D54B4;Average;SIGFOX_Chile_Mintek;3734;06-01-2020 5:15;2;1;;
66666343fae48240000000;004D54B4;Average;SIGFOX_Chile_Mintek;3733;06-01-2020 5:11;1;0;;
0000000070bb8140020200;004D54B4;Average;SIGFOX_Chile_Mintek;3732;06-01-2020 5:03;1;0;;
00000000fcd98140020200;004D54B4;Average;SIGFOX_Chile_Mintek;3731;06-01-2020 4:54;1;0;;
9a9963435c058240000000;004D54B4;Average;SIGFOX_Chile_Mintek;3730;06-01-2020 4:51;1;0;;
6666634394488240000000;004D54B4;Limit;SIGFOX_Chile_Mintek;3728;06-01-2020 4:27;2;1;;
33336443097b8240000000;004D54B4;Average;SIGFOX_Chile_Mintek;3727;06-01-2020 4:15;1;0;;
66e663430a4d8340000000;004D54B4;Limit;SIGFOX_Chile_Mintek;3725;06-01-2020 3:51;2;1;;
66666343e5348340000000;004D54B4;Average;SIGFOX_Chile_Mintek;3724;06-01-2020 3:39;1;0;;
cdcc624357408340000000;004D54B4;Average;SIGFOX_Chile_Mintek;3723;06-01-2020 3:27;1;0;;
66e66243a3378340000000;004D54B4;Average;SIGFOX_Chile_Mintek;3722;06-01-2020 3:15;1;0;;
66e662438a098340000000;004D54B4;Average;SIGFOX_Chile_Mintek;3721;06-01-2020 3:12;1;0;;
0000000070488040020200;004D54B4;Limit;SIGFOX_Chile_Mintek;3720;06-01-2020 3:03;1;0;;
000000000e838040020200;004D54B4;Average;SIGFOX_Chile_Mintek;3719;06-01-2020 2:54;1;0;;
000063439ecf8040000000;004D54B4;Average;SIGFOX_Chile_Mintek;3717;06-01-2020 2:39;2;1;;
cd4c634396388140000000;004D54B4;Limit;SIGFOX_Chile_Mintek;3716;06-01-2020 2:27;1;0;;
9a196343e0828140000000;004D54B4;Average;SIGFOX_Chile_Mintek;3715;06-01-2020 2:15;1;0;;
9a99624335068240000000;004D54B4;Average;SIGFOX_Chile_Mintek;3714;06-01-2020 2:02;1;0;;
cd4c654380658240000000;004D54B4;Average;SIGFOX_Chile_Mintek;3713;06-01-2020 1:50;1;0;;
9a1965436e528340000000;004D54B4;Average;SIGFOX_Chile_Mintek;3712;06-01-2020 1:38;1;0;;
00006543562c8340000000;004D54B4;Average;SIGFOX_Chile_Mintek;3711;06-01-2020 1:26;1;0;;
9a19644335558340000000;004D54B4;Average;SIGFOX_Chile_Mintek;3710;06-01-2020 1:14;1;0;;
cdcc63438e288340000000;004D54B4;Average;SIGFOX_Chile_Mintek;3709;06-01-2020 1:02;1;0;;
33b3634374448340000000;004D54B4;Average;SIGFOX_Chile_Mintek;3708;06-01-2020 0:50;1;0;;
9a995f4302518340000000;004D54B4;Limit;SIGFOX_Chile_Pilot Telefonica (temp);3706;06-01-2020 0:26;2;1;;
cd4c5f434e298340000000;004D54B4;Average;SIGFOX_Chile_Mintek;3705;06-01-2020 0:14;1;0;;
cdcc5e433af98240000000;004D54B4;Average;SIGFOX_Chile_Mintek;3704;06-01-2020 0:13;1;0;;
0000000087538140020200;004D54B4;Limit;SIGFOX_Chile_Mintek;3703;06-01-2020 0:02;1;0;;
66665d430c948140000000;004D54B4;Limit;SIGFOX_Chile_Mintek;3701;05-01-2020 23:50;2;1;10;130
cd4c5e4339df8140000000;004D54B4;Average;SIGFOX_Chile_Mintek;3700;05-01-2020 23:38;1;0;;
cdcc5f4392ee8140000000;004D54B4;Average;SIGFOX_Chile_Mintek;3699;05-01-2020 23:26;1;0;;
66e65e43e8428240000000;004D54B4;Average;SIGFOX_Chile_Mintek;3698;05-01-2020 23:14;1;0;;
cdcc604374b88240000000;004D54B4;Average;SIGFOX_Chile_Mintek;3697;05-01-2020 23:02;1;0;;
9a196343a0808340000000;004D54B4;Average;SIGFOX_Chile_Mintek;3696;05-01-2020 22:50;1;0;;
cdcc6243326e8340000000;004D54B4;Average;SIGFOX_Chile_Mintek;3695;05-01-2020 22:38;1;0;;
9a996043152e8340000000;004D54B4;Average;SIGFOX_Chile_Mintek;3693;05-01-2020 22:14;2;1;;
66e65f436ebe8240000000;004D54B4;Average;SIGFOX_Chile_Mintek;3692;05-01-2020 22:11;1;0;;
0000000026538140020200;004D54B4;Average;SIGFOX_Chile_Mintek;3691;05-01-2020 22:02;1;0;;
00000000eaac8140020200;004D54B4;Average;SIGFOX_Chile_Mintek;3690;05-01-2020 21:52;1;0;;
000060438fa28140000000;004D54B4;Average;SIGFOX_Chile_Mintek;3689;05-01-2020 21:49;1;0;;
33335d43718b8140000000;004D54B4;Average;SIGFOX_Chile_Mintek;3688;05-01-2020 21:37;1;0;;
cdcc5f4347198240000000;004D54B4;Limit;SIGFOX_Chile_Mintek;3687;05-01-2020 21:25;1;0;;
00005e43884c8240000000;004D54B4;Average;SIGFOX_Chile_Mintek;3686;05-01-2020 21:13;1;0;;
33b36243425b8340000000;004D54B4;Average;SIGFOX_Chile_Mintek;3684;05-01-2020 20:49;2;1;;
33b3634386368340000000;004D54B4;Average;SIGFOX_Chile_Mintek;3683;05-01-2020 20:37;1;0;;
00006443503f8340000000;004D54B4;Average;SIGFOX_Chile_Mintek;3682;05-01-2020 20:25;1;0;;
008061434cb48340000000;004D54B4;Limit;SIGFOX_Chile_Mintek;3681;05-01-2020 20:13;1;0;;
66666143e4428340000000;004D54B4;Average;SIGFOX_Chile_Mintek;3680;05-01-2020 20:13;1;0;;
00806143a7238340000000;004D54B4;Average;SIGFOX_Chile_Mintek;3679;05-01-2020 20:12;1;0;;
00000000cc988240020200;004D54B4;Average;SIGFOX_Chile_Mintek;3678;05-01-2020 20:01;1;0;;
000000000deb8240020200;004D54B4;Average;SIGFOX_Chile_Mintek;3677;05-01-2020 19:51;1;0;;
9a196543ea4a8340000000;004D54B4;Average;SIGFOX_Chile_Mintek;3676;05-01-2020 19:49;1;0;;
66666443fe2d8340000000;004D54B4;Limit;SIGFOX_Chile_Mintek;3675;05-01-2020 19:37;1;0;;
33336343bd488340000000;004D54B4;Average;SIGFOX_Chile_Mintek;3674;05-01-2020 19:25;1;0;;
666663438c148340000000;004D54B4;Average;SIGFOX_Chile_Mintek;3673;05-01-2020 19:13;1;0;;
33b36343e8358340000000;004D54B4;Average;SIGFOX_Chile_Mintek;3672;05-01-2020 19:01;1;0;;
33b36343e0348340000000;004D54B4;Limit;SIGFOX_Chile_Mintek;3671;05-01-2020 18:48;1;0;;
33b36443fe568340000000;004D54B4;Average;SIGFOX_Chile_Mintek;3670;05-01-2020 18:36;1;0;;
66e66343ee408340000000;004D54B4;Average;SIGFOX_Chile_Mintek;3669;05-01-2020 18:24;1;0;;
cd4c6343fe248340000000;004D54B4;Average;SIGFOX_Chile_Mintek;3668;05-01-2020 18:12;1;0;;
9a196343a83f8340000000;004D54B4;Average;SIGFOX_Chile_Mintek;3667;05-01-2020 18:12;1;0;;
0000000034308240020200;004D54B4;Average;SIGFOX_Chile_Mintek;3666;05-01-2020 18:00;1;0;;
0000000039f18240020200;004D54B4;Average;SIGFOX_Chile_Mintek;3665;05-01-2020 17:51;1;0;;
cd4c634324338340000000;004D54B4;Average;SIGFOX_Chile_Mintek;3664;05-01-2020 17:48;1;0;;
cd4c6443f0528340000000;004D54B4;Limit;SIGFOX_Chile_Mintek;3663;05-01-2020 17:36;1;0;;
666663436d488340000000;004D54B4;Limit;SIGFOX_Chile_Mintek;3662;05-01-2020 17:24;1;0;;
9a196343d7268340000000;004D54B4;Average;SIGFOX_Chile_Mintek;3661;05-01-2020 17:12;1;0;;
9a196443f2668340000000;004D54B4;Average;SIGFOX_Chile_Mintek;3660;05-01-2020 17:00;1;0;;
cdcc6243065c8340000000;004D54B4;Average;SIGFOX_Chile_Mintek;3659;05-01-2020 16:48;1;0;;
66e6634361488340000000;004D54B4;Average;SIGFOX_Chile_Mintek;3658;05-01-2020 16:36;1;0;;
cdcc6343024e8340000000;004D54B4;Average;SIGFOX_Chile_Mintek;3657;05-01-2020 16:24;1;0;;
9a99634391338340000000;004D54B4;Average;SIGFOX_Chile_Mintek;3656;05-01-2020 16:12;1;0;;
666662434d348340000000;004D54B4;Average;SIGFOX_Chile_Mintek;3655;05-01-2020 16:00;1;0;;
cd4c6243b41a8340000000;004D54B4;Average;SIGFOX_Chile_Mintek;3654;05-01-2020 15:48;1;0;;
cdcc61436b4f8340000000;004D54B4;Average;SIGFOX_Chile_Mintek;3653;05-01-2020 15:36;1;0;;
9a196143965d8340000000;004D54B4;Average;SIGFOX_Chile_Mintek;3652;05-01-2020 15:24;1;0;;
0080614398288340000000;004D54B4;Average;SIGFOX_Chile_Mintek;3651;05-01-2020 15:12;1;0;;
000000008e418140020200;004D54B4;Average;SIGFOX_Chile_Mintek;3649;05-01-2020 15:00;2;1;;
000000001a6a8140020200;004D54B4;Average;SIGFOX_Chile_Mintek;3648;05-01-2020 14:51;1;0;;
00806143bd8e8140000000;004D54B4;Average;SIGFOX_Chile_Mintek;3647;05-01-2020 14:48;1;0;;
0000614361f78140000000;004D54B4;Average;SIGFOX_Chile_Mintek;3645;05-01-2020 14:23;2;1;;
3333614322398240000000;004D54B4;Average;SIGFOX_Chile_Mintek;3644;05-01-2020 14:11;1;0;;
66e66043f9918240000000;004D54B4;Average;SIGFOX_Chile_Mintek;3643;05-01-2020 13:59;1;0;;
0000604330bd8240000000;004D54B4;Average;SIGFOX_Chile_Mintek;3642;05-01-2020 13:47;1;0;;
9a995f43d8408340000000;004D54B4;Average;SIGFOX_Chile_Mintek;3641;05-01-2020 13:35;1;0;;
00005e43ae138340000000;004D54B4;Average;SIGFOX_Chile_Mintek;3640;05-01-2020 13:23;1;0;;
9a195b4379528340000000;004D54B4;Average;SIGFOX_Chile_Mintek;3639;05-01-2020 13:11;1;0;;
cdcc5d4380298340000000;004D54B4;Average;SIGFOX_Chile_Mintek;3638;05-01-2020 13:10;1;0;;
0000000064c78140020200;004D54B4;Average;SIGFOX_Chile_Mintek;3637;05-01-2020 12:59;1;0;;
00000000041c8240020200;004D54B4;Average;SIGFOX_Chile_Mintek;3636;05-01-2020 12:52;1;0;;
66665f43ff1e8240000000;004D54B4;Average;SIGFOX_Chile_Mintek;3635;05-01-2020 12:47;1;0;;
33335f43b2328240000000;004D54B4;Average;SIGFOX_Chile_Mintek;3634;05-01-2020 12:35;1;0;;
66665f430e868240000000;004D54B4;Average;SIGFOX_Chile_Mintek;3633;05-01-2020 12:23;1;0;;
00006043bbb08240000000;004D54B4;Average;SIGFOX_Chile_Mintek;3632;05-01-2020 12:11;1;0;;
9a995f4370478340000000;004D54B4;Average;SIGFOX_Chile_Mintek;3631;05-01-2020 11:59;1;0;;
cd4c5f43e5288340000000;004D54B4;Average;SIGFOX_Chile_Mintek;3630;05-01-2020 11:47;1;0;;
33335f43e48b8340000000;004D54B4;Average;SIGFOX_Chile_Mintek;3629;05-01-2020 11:35;1;0;;
9a196043f4098340000000;004D54B4;Average;SIGFOX_Chile_Mintek;3628;05-01-2020 11:25;1;0;;
0000000028b98040020200;004D54B4;Average;SIGFOX_Chile_Mintek;3627;05-01-2020 11:23;1;0;;
00000000edd38040020200;004D54B4;Limit;SIGFOX_Chile_Mintek;3626;05-01-2020 11:11;1;0;;
0000000016df8040020200;004D54B4;Average;SIGFOX_Chile_Mintek;3625;05-01-2020 11:07;1;0;;
9a1960430c0c8140000000;004D54B4;Average;SIGFOX_Chile_Mintek;3624;05-01-2020 10:59;1;0;;
cdcc5f437f1b8140000000;004D54B4;Average;SIGFOX_Chile_Mintek;3623;05-01-2020 10:47;1;0;;
cdcc5f438e3e8140000000;004D54B4;Average;SIGFOX_Chile_Mintek;3622;05-01-2020 10:35;1;0;;
cdcc5f431a6e8140000000;004D54B4;Average;SIGFOX_Chile_Mintek;3621;05-01-2020 10:23;1;0;;
33336143acc08140000000;004D54B4;Average;SIGFOX_Chile_Mintek;3620;05-01-2020 10:10;1;0;;
00805f4315ac8140000000;004D54B4;Limit;SIGFOX_Chile_Mintek;3619;05-01-2020 9:58;1;0;;
33335f4382258240000000;004D54B4;Average;SIGFOX_Chile_Mintek;3618;05-01-2020 9:46;1;0;;
66e65f43a13c8240000000;004D54B4;Average;SIGFOX_Chile_Mintek;3617;05-01-2020 9:34;1;0;;
cdcc60438e5c8240000000;004D54B4;Average;SIGFOX_Chile_Mintek;3616;05-01-2020 9:22;1;0;;
66e66043c0d08240000000;004D54B4;Average;SIGFOX_Chile_Mintek;3615;05-01-2020 9:10;1;0;;
cd4c61432ec38240000000;004D54B4;Average;SIGFOX_Chile_Mintek;3614;05-01-2020 8:58;1;0;;
9a196143466c8340000000;004D54B4;Limit;SIGFOX_Chile_Mintek;3613;05-01-2020 8:46;1;0;;
9a99614338338340000000;004D54B4;Average;SIGFOX_Chile_Mintek;3612;05-01-2020 8:34;1;0;;
9a996243a4548340000000;004D54B4;Average;SIGFOX_Chile_Mintek;3611;05-01-2020 8:22;1;0;;
666662430c2d8340000000;004D54B4;Average;SIGFOX_Chile_Mintek;3610;05-01-2020 8:12;1;0;;
0000000016928040020200;004D54B4;Average;SIGFOX_Chile_Mintek;3609;05-01-2020 8:10;1;0;;
000000009aa98040020200;004D54B4;Average;SIGFOX_Chile_Mintek;3608;05-01-2020 7:58;1;0;;
000000005dbf8040020200;004D54B4;Average;SIGFOX_Chile_Mintek;3607;05-01-2020 7:53;1;0;;
9a996343d7bd8040000000;004D54B4;Average;SIGFOX_Chile_Mintek;3606;05-01-2020 7:46;1;0;;
33b36243dc148140000000;004D54B4;Average;SIGFOX_Chile_Mintek;3605;05-01-2020 7:34;1;0;;
9a9962436f3b8140000000;004D54B4;Average;SIGFOX_Chile_Mintek;3604;05-01-2020 7:22;1;0;;
33b3624328688140000000;004D54B4;Average;SIGFOX_Chile_Mintek;3603;05-01-2020 7:10;1;0;;
3333634310968140000000;004D54B4;Average;SIGFOX_Chile_Mintek;3602;05-01-2020 6:58;1;0;;
0080634366c58140000000;004D54B4;Limit;SIGFOX_Chile_Mintek;3601;05-01-2020 6:46;1;0;;
9a196343c2098240000000;004D54B4;Average;SIGFOX_Chile_Mintek;3600;05-01-2020 6:34;1;0;;
9a19634334378240000000;004D54B4;Average;SIGFOX_Chile_Mintek;3599;05-01-2020 6:22;1;0;;
33b36243aa7f8240000000;004D54B4;Average;SIGFOX_Chile_Mintek;3598;05-01-2020 6:09;1;0;;
9a996243e4bb8240000000;004D54B4;Limit;SIGFOX_Chile_Mintek;3597;05-01-2020 5:57;1;0;;
33b3624362708340000000;004D54B4;Average;SIGFOX_Chile_Mintek;3596;05-01-2020 5:45;1;0;;
cdcc62437c638340000000;004D54B4;Average;SIGFOX_Chile_Mintek;3595;05-01-2020 5:33;1;0;;
00806243ad438340000000;004D54B4;Average;SIGFOX_Chile_Mintek;3594;05-01-2020 5:21;1;0;;
0000634354108340000000;004D54B4;Average;SIGFOX_Chile_Mintek;3593;05-01-2020 5:11;1;0;;
00000000e1378140020200;004D54B4;Average;SIGFOX_Chile_Mintek;3592;05-01-2020 5:09;1;0;;
000000002c718140020200;004D54B4;Average;SIGFOX_Chile_Mintek;3591;05-01-2020 4:57;1;0;;
00000000a49e8140020200;004D54B4;Average;SIGFOX_Chile_Mintek;3590;05-01-2020 4:54;1;0;;
0000634325168240000000;004D54B4;Average;SIGFOX_Chile_Mintek;3589;05-01-2020 4:45;1;0;;
3333624322138240000000;004D54B4;Average;SIGFOX_Chile_Mintek;3588;05-01-2020 4:33;1;0;;
333362432b958240000000;004D54B4;Average;SIGFOX_Chile_Mintek;3586;05-01-2020 4:09;2;1;;
3333654302b78240000000;004D54B4;Average;SIGFOX_Chile_Mintek;3585;05-01-2020 3:57;1;0;;
6666654302618340000000;004D54B4;Limit;SIGFOX_Chile_Mintek;3584;05-01-2020 3:45;1;0;;
cd4c6443406c8340000000;004D54B4;Limit;SIGFOX_Chile_Mintek;3583;05-01-2020 3:33;1;0;;
6666644360038340000000;004D54B4;Average;SIGFOX_Chile_Mintek;3581;05-01-2020 3:12;2;1;;
00000000f5d18040020200;004D54B4;Average;SIGFOX_Chile_Mintek;3579;05-01-2020 2:57;2;1;;
00000000acd48040020200;004D54B4;Average;SIGFOX_Chile_Mintek;3578;05-01-2020 2:53;1;0;;
33336143fcec8040000000;004D54B4;Average;SIGFOX_Chile_Mintek;3577;05-01-2020 2:45;1;0;;
33b363432aff8040000000;004D54B4;Average;SIGFOX_Chile_Mintek;3576;05-01-2020 2:33;1;0;;
cdcc60432c3f8140000000;004D54B4;Limit;SIGFOX_Chile_Mintek;3575;05-01-2020 2:21;1;0;;
66e66143ca858140000000;004D54B4;Average;SIGFOX_Chile_Mintek;3573;05-01-2020 1:57;2;1;;
9a195f43c2168240000000;004D54B4;Average;SIGFOX_Chile_Mintek;3572;05-01-2020 1:44;1;0;;
9a195f4333ff8140000000;004D54B4;Average;SIGFOX_Chile_Mintek;3570;05-01-2020 1:20;2;1;;
000061436b678240000000;004D54B4;Average;SIGFOX_Chile_Mintek;3569;05-01-2020 1:08;1;0;;
cd4c6043b6a78240000000;004D54B4;Average;SIGFOX_Chile_Mintek;3568;05-01-2020 0:56;1;0;;
66e66143b0e98240000000;004D54B4;Limit;SIGFOX_Chile_Mintek;3567;05-01-2020 0:44;1;0;;
00006243202d8340000000;004D54B4;Average;SIGFOX_Chile_Mintek;3566;05-01-2020 0:32;1;0;;
cdcc60431e4f8340000000;004D54B4;Average;SIGFOX_Chile_Mintek;3565;05-01-2020 0:20;1;0;;
cdcc6043e4378340000000;004D54B4;Average;SIGFOX_Chile_Mintek;3564;05-01-2020 0:12;1;0;;
0000000061798140020200;004D54B4;Average;SIGFOX_Chile_Mintek;3563;05-01-2020 0:08;1;0;;
0000000080cc8140020200;004D54B4;Average;SIGFOX_Chile_Mintek;3562;04-01-2020 23:56;1;0;9;130
000000007ce18140020200;004D54B4;Average;SIGFOX_Chile_Mintek;3561;04-01-2020 23:52;1;0;;
cd4c604310bf8140000000;004D54B4;Average;SIGFOX_Chile_Mintek;3560;04-01-2020 23:44;1;0;;
33335f4366e18140000000;004D54B4;Average;SIGFOX_Chile_Mintek;3559;04-01-2020 23:32;1;0;;
9a995e439a238240000000;004D54B4;Average;SIGFOX_Chile_Mintek;3558;04-01-2020 23:20;1;0;;
00805d4366428240000000;004D54B4;Average;SIGFOX_Chile_Mintek;3557;04-01-2020 23:08;1;0;;
9a995e4379938240000000;004D54B4;Average;SIGFOX_Chile_Mintek;3556;04-01-2020 22:56;1;0;;
00005f4346d48240000000;004D54B4;Average;SIGFOX_Chile_Mintek;3555;04-01-2020 22:44;1;0;;
66665f4324878340000000;004D54B4;Limit;SIGFOX_Chile_Mintek;3554;04-01-2020 22:32;1;0;;
33335f4306148340000000;004D54B4;Limit;SIGFOX_Chile_Mintek;3553;04-01-2020 22:20;1;0;;
33335f43c30f8340000000;004D54B4;Average;SIGFOX_Chile_Mintek;3552;04-01-2020 22:11;1;0;;
0000000034f98140020200;004D54B4;Average;SIGFOX_Chile_Mintek;3551;04-01-2020 22:08;1;0;;
000000009d178240020200;004D54B4;Average;SIGFOX_Chile_Mintek;3550;04-01-2020 21:56;1;0;;
00000000aa478240020200;004D54B4;Average;SIGFOX_Chile_Mintek;3549;04-01-2020 21:52;1;0;;
00005f437b148240000000;004D54B4;Average;SIGFOX_Chile_Mintek;3548;04-01-2020 21:44;1;0;;
00005f4360a38240000000;004D54B4;Average;SIGFOX_Chile_Mintek;3547;04-01-2020 21:31;1;0;;
3333604336188340000000;004D54B4;Average;SIGFOX_Chile_Mintek;3545;04-01-2020 21:07;2;1;;
66e6614340668340000000;004D54B4;Average;SIGFOX_Chile_Mintek;3544;04-01-2020 20:55;1;0;;
33b3614323638340000000;004D54B4;Average;SIGFOX_Chile_Mintek;3543;04-01-2020 20:43;1;0;;
0000614396528340000000;004D54B4;Average;SIGFOX_Chile_Mintek;3542;04-01-2020 20:31;1;0;;
9a196043df6e8340000000;004D54B4;Average;SIGFOX_Chile_Mintek;3541;04-01-2020 20:19;1;0;;
000000004d108240020200;004D54B4;Average;SIGFOX_Chile_Mintek;3539;04-01-2020 20:07;2;1;;
000000001e988240020200;004D54B4;Average;SIGFOX_Chile_Mintek;3538;04-01-2020 19:55;1;0;;
00000000cf028340020200;004D54B4;Average;SIGFOX_Chile_Mintek;3537;04-01-2020 19:51;1;0;;
666660434a578340000000;004D54B4;Limit;SIGFOX_Chile_Mintek;3536;04-01-2020 19:43;1;0;;
33335f43fa2f8340000000;004D54B4;Average;SIGFOX_Chile_Mintek;3535;04-01-2020 19:31;1;0;;
9a196243be768340000000;004D54B4;Limit;SIGFOX_Chile_Pilot Telefonica (temp);3533;04-01-2020 19:07;2;1;;
33b3624340618340000000;004D54B4;Average;SIGFOX_Chile_Mintek;3532;04-01-2020 18:55;1;0;;
cdcc61431a698340000000;004D54B4;Average;SIGFOX_Chile_Mintek;3531;04-01-2020 18:43;1;0;;
66666243c3658340000000;004D54B4;Average;SIGFOX_Chile_Mintek;3530;04-01-2020 18:31;1;0;;
33b36143b2508340000000;004D54B4;Average;SIGFOX_Chile_Mintek;3529;04-01-2020 18:19;1;0;;
cdcc6143be418340000000;004D54B4;Average;SIGFOX_Chile_Mintek;3528;04-01-2020 18:12;1;0;;
00000000ec348240020200;004D54B4;Average;SIGFOX_Chile_Mintek;3527;04-01-2020 18:07;1;0;;
0000000062fb8240020200;004D54B4;Average;SIGFOX_Chile_Mintek;3525;04-01-2020 17:51;2;1;;
000060439c638340000000;004D54B4;Limit;SIGFOX_Chile_Pilot Telefonica (temp);3524;04-01-2020 17:43;1;0;;
cd4c6043e07f8340000000;004D54B4;Average;SIGFOX_Chile_Mintek;3523;04-01-2020 17:31;1;0;;
cd4c6143ce578340000000;004D54B4;Limit;SIGFOX_Chile_Mintek;3522;04-01-2020 17:18;1;0;;
66666043ed308340000000;004D54B4;Average;SIGFOX_Chile_Mintek;3520;04-01-2020 16:54;2;1;;
66e660431c548340000000;004D54B4;Average;SIGFOX_Chile_Mintek;3519;04-01-2020 16:42;1;0;;
9a196043be748340000000;004D54B4;Average;SIGFOX_Chile_Mintek;3518;04-01-2020 16:30;1;0;;
cd4c5d43e35e8340000000;004D54B4;Average;SIGFOX_Chile_Mintek;3517;04-01-2020 16:18;1;0;;
00006043c6638340000000;004D54B4;Average;SIGFOX_Chile_Mintek;3516;04-01-2020 16:06;1;0;;
33335f4342538340000000;004D54B4;Average;SIGFOX_Chile_Mintek;3515;04-01-2020 15:54;1;0;;
9a195f439b798340000000;004D54B4;Limit;SIGFOX_Chile_Mintek;3513;04-01-2020 15:30;2;1;;
cd4c5f43cf3b8340000000;004D54B4;Average;SIGFOX_Chile_Mintek;3512;04-01-2020 15:18;1;0;;
00000000c0278240020200;004D54B4;Average;SIGFOX_Chile_Mintek;3510;04-01-2020 15:06;2;1;;
000000003ed08240020200;004D54B4;Average;SIGFOX_Chile_Mintek;3509;04-01-2020 14:54;1;0;;
66665e43de5f8340000000;004D54B4;Average;SIGFOX_Chile_Mintek;3507;04-01-2020 14:42;2;1;;
cdcc5f432a4d8340000000;004D54B4;Average;SIGFOX_Chile_Mintek;3506;04-01-2020 14:30;1;0;;
33335e43a43d8340000000;004D54B4;Average;SIGFOX_Chile_Mintek;3505;04-01-2020 14:18;1;0;;
9a995e43ba578340000000;004D54B4;Average;SIGFOX_Chile_Mintek;3504;04-01-2020 14:06;1;0;;
9a995e43352e8340000000;004D54B4;Average;SIGFOX_Chile_Mintek;3503;04-01-2020 13:54;1;0;;
66665e43cc6c8340000000;004D54B4;Limit;SIGFOX_Chile_Pilot Telefonica (temp);3502;04-01-2020 13:42;1;0;;
00005f43f24b8340000000;004D54B4;Average;SIGFOX_Chile_Mintek;3501;04-01-2020 13:30;1;0;;
9a995f43366a8340000000;004D54B4;Average;SIGFOX_Chile_Mintek;3500;04-01-2020 13:18;1;0;;
cd4c5f43b0248340000000;004D54B4;Average;SIGFOX_Chile_Mintek;3499;04-01-2020 13:10;1;0;;
00000000f8ea8040020200;004D54B4;Average;SIGFOX_Chile_Mintek;3498;04-01-2020 13:06;1;0;;
00000000c06b8140020200;004D54B4;Limit;SIGFOX_Chile_Mintek;3497;04-01-2020 12:54;1;0;;
0000000081608140020200;004D54B4;Average;SIGFOX_Chile_Mintek;3496;04-01-2020 12:52;1;0;;
cd4c5c43d0b08140000000;004D54B4;Average;SIGFOX_Chile_Mintek;3495;04-01-2020 12:41;1;0;;
cdcc5b43541e8240000000;004D54B4;Average;SIGFOX_Chile_Mintek;3494;04-01-2020 12:29;1;0;;
9a195f43f7d98240000000;004D54B4;Average;SIGFOX_Chile_Mintek;3493;04-01-2020 12:17;1;0;;
66e65e43ca408340000000;004D54B4;Limit;SIGFOX_Chile_Mintek;3491;04-01-2020 11:53;2;1;;
00005f4380748340000000;004D54B4;Average;SIGFOX_Chile_Mintek;3490;04-01-2020 11:41;1;0;;
33b35f4394598340000000;004D54B4;Average;SIGFOX_Chile_Mintek;3489;04-01-2020 11:29;1;0;;
cdcc5f4340018340000000;004D54B4;Average;SIGFOX_Chile_Mintek;3488;04-01-2020 11:25;1;0;;
00000000429a8040020200;004D54B4;Average;SIGFOX_Chile_Mintek;3487;04-01-2020 11:17;1;0;;
0000000076c18040020200;004D54B4;Average;SIGFOX_Chile_Mintek;3486;04-01-2020 11:07;1;0;;
3333614364c38040000000;004D54B4;Average;SIGFOX_Chile_Mintek;3485;04-01-2020 11:05;1;0;;
00806143efc88040000000;004D54B4;Average;SIGFOX_Chile_Mintek;3484;04-01-2020 10:53;1;0;;
66e66043baf88040000000;004D54B4;Average;SIGFOX_Chile_Mintek;3483;04-01-2020 10:41;1;0;;
66e66243261f8140000000;004D54B4;Average;SIGFOX_Chile_Mintek;3482;04-01-2020 10:29;1;0;;
33b35d43ae2f8140000000;004D54B4;Average;SIGFOX_Chile_Mintek;3481;04-01-2020 10:17;1;0;;
cdcc5e43745b8140000000;004D54B4;Average;SIGFOX_Chile_Mintek;3480;04-01-2020 10:05;1;0;;
6666604334c88140000000;004D54B4;Average;SIGFOX_Chile_Mintek;3479;04-01-2020 9:53;1;0;;
cd4c6143e8ba8140000000;004D54B4;Average;SIGFOX_Chile_Mintek;3478;04-01-2020 9:41;1;0;;
66666243c3e68140000000;004D54B4;Average;SIGFOX_Chile_Mintek;3477;04-01-2020 9:29;1;0;;
cdcc5f4332258240000000;004D54B4;Average;SIGFOX_Chile_Mintek;3476;04-01-2020 9:17;1;0;;
9a996043105a8240000000;004D54B4;Average;SIGFOX_Chile_Mintek;3475;04-01-2020 9:05;1;0;;
9a99604319868240000000;004D54B4;Average;SIGFOX_Chile_Mintek;3474;04-01-2020 8:53;1;0;;
33b36043b8a18240000000;004D54B4;Average;SIGFOX_Chile_Mintek;3473;04-01-2020 8:41;1;0;;
00006143eb708340000000;004D54B4;Average;SIGFOX_Chile_Mintek;3472;04-01-2020 8:28;1;0;;
9a196143a6698340000000;004D54B4;Average;SIGFOX_Chile_Mintek;3471;04-01-2020 8:16;1;0;;
33336243a75a8340000000;004D54B4;Average;SIGFOX_Chile_Mintek;3470;04-01-2020 8:12;1;0;;
00000000e02c8240020200;004D54B4;Average;SIGFOX_Chile_Mintek;3469;04-01-2020 8:04;1;0;;
0000000070d38240020200;004D54B4;Average;SIGFOX_Chile_Mintek;3468;04-01-2020 7:54;1;0;;
33336343a34a8340000000;004D54B4;Average;SIGFOX_Chile_Mintek;3467;04-01-2020 7:52;1;0;;
cdcc63438e468340000000;004D54B4;Average;SIGFOX_Chile_Mintek;3466;04-01-2020 7:40;1;0;;
33336443ca3a8340000000;004D54B4;Average;SIGFOX_Chile_Mintek;3465;04-01-2020 7:28;1;0;;
cdcc6343eb4c8340000000;004D54B4;Average;SIGFOX_Chile_Mintek;3464;04-01-2020 7:16;1;0;;
cd4c65430c588340000000;004D54B4;Average;SIGFOX_Chile_Mintek;3463;04-01-2020 7:04;1;0;;
00806543ec468340000000;004D54B4;Average;SIGFOX_Chile_Mintek;3462;04-01-2020 6:52;1;0;;
9a1966435d2b8340000000;004D54B4;Average;SIGFOX_Chile_Mintek;3461;04-01-2020 6:40;1;0;;
0000654312208340000000;004D54B4;Average;SIGFOX_Chile_Mintek;3460;04-01-2020 6:28;1;0;;
008063432a448340000000;004D54B4;Average;SIGFOX_Chile_Mintek;3459;04-01-2020 6:16;1;0;;
9a996343f9458340000000;004D54B4;Average;SIGFOX_Chile_Mintek;3458;04-01-2020 6:04;1;0;;
9a196443f54d8340000000;004D54B4;Limit;SIGFOX_Chile_Mintek;3457;04-01-2020 5:52;1;0;;
66e66343d4798340000000;004D54B4;Average;SIGFOX_Chile_Mintek;3456;04-01-2020 5:40;1;0;;
66666443183f8340000000;004D54B4;Average;SIGFOX_Chile_Mintek;3455;04-01-2020 5:28;1;0;;
cdcc6343f4508340000000;004D54B4;Average;SIGFOX_Chile_Mintek;3454;04-01-2020 5:16;1;0;;
9a196443c60f8340000000;004D54B4;Average;SIGFOX_Chile_Mintek;3453;04-01-2020 5:11;1;0;;
0000000010d58040020200;004D54B4;Average;SIGFOX_Chile_Mintek;3452;04-01-2020 5:04;1;0;;
000000008e178140020200;004D54B4;Average;SIGFOX_Chile_Mintek;3451;04-01-2020 4:54;1;0;;
33b36443d8ec8040000000;004D54B4;Average;SIGFOX_Chile_Mintek;3450;04-01-2020 4:52;1;0;;
66e6634398458140000000;004D54B4;Average;SIGFOX_Chile_Mintek;3449;04-01-2020 4:40;1;0;;
3333644350e18140000000;004D54B4;Average;SIGFOX_Chile_Mintek;3448;04-01-2020 4:28;1;0;;
33b36343d4be8140000000;004D54B4;Average;SIGFOX_Chile_Mintek;3447;04-01-2020 4:15;1;0;;
0000644370178240000000;004D54B4;Average;SIGFOX_Chile_Mintek;3446;04-01-2020 4:03;1;0;;
333364434a738240000000;004D54B4;Average;SIGFOX_Chile_Mintek;3445;04-01-2020 3:51;1;0;;
9a996343dab68240000000;004D54B4;Average;SIGFOX_Chile_Mintek;3444;04-01-2020 3:39;1;0;;
9a196443e0368340000000;004D54B4;Limit;SIGFOX_Chile_Mintek;3443;04-01-2020 3:27;1;0;;
33b363436e3c8340000000;004D54B4;Average;SIGFOX_Chile_Mintek;3442;04-01-2020 3:15;1;0;;
9a196443622b8340000000;004D54B4;Average;SIGFOX_Chile_Mintek;3441;04-01-2020 3:12;1;0;;
000000000e758240020200;004D54B4;Average;SIGFOX_Chile_Mintek;3440;04-01-2020 3:03;1;0;;
0000000012da8240020200;004D54B4;Average;SIGFOX_Chile_Mintek;3439;04-01-2020 2:54;1;0;;
00806343275a8340000000;004D54B4;Average;SIGFOX_Chile_Mintek;3438;04-01-2020 2:51;1;0;;
cd4c5f4342048340000000;004D54B4;Average;SIGFOX_Chile_Mintek;3437;04-01-2020 2:39;1;0;;
cdcc6143f8388340000000;004D54B4;Average;SIGFOX_Chile_Mintek;3436;04-01-2020 2:27;1;0;;
00806243aa3c8340000000;004D54B4;Average;SIGFOX_Chile_Mintek;3435;04-01-2020 2:15;1;0;;
9a996143d8508340000000;004D54B4;Average;SIGFOX_Chile_Mintek;3434;04-01-2020 2:03;1;0;;
cdcc61435e478340000000;004D54B4;Average;SIGFOX_Chile_Mintek;3433;04-01-2020 1:51;1;0;;
cd4c60430c618340000000;004D54B4;Average;SIGFOX_Chile_Mintek;3432;04-01-2020 1:39;1;0;;
cd4c6043a4628340000000;004D54B4;Average;SIGFOX_Chile_Mintek;3431;04-01-2020 1:27;1;0;;
0000614362468340000000;004D54B4;Average;SIGFOX_Chile_Mintek;3430;04-01-2020 1:15;1;0;;
cd4c61437c388340000000;004D54B4;Average;SIGFOX_Chile_Mintek;3429;04-01-2020 1:03;1;0;;
6666604336328340000000;004D54B4;Average;SIGFOX_Chile_Mintek;3428;04-01-2020 0:51;1;0;;
00806343d8658340000000;004D54B4;Average;SIGFOX_Chile_Mintek;3427;04-01-2020 0:39;1;0;;
00806243705b8340000000;004D54B4;Average;SIGFOX_Chile_Mintek;3426;04-01-2020 0:27;1;0;;
cdcc614388348340000000;004D54B4;Average;SIGFOX_Chile_Mintek;3425;04-01-2020 0:15;1;0;;
666661437eeb8240000000;004D54B4;Average;SIGFOX_Chile_Mintek;3424;04-01-2020 0:13;1;0;;
00000000226b8140020200;004D54B4;Average;SIGFOX_Chile_Mintek;3422;03-01-2020 23:52;2;1;11;131
00806043f58e8140000000;004D54B4;Average;SIGFOX_Chile_Mintek;3421;03-01-2020 23:51;1;0;;
cdcc5f4389a08140000000;004D54B4;Average;SIGFOX_Chile_Mintek;3420;03-01-2020 23:38;1;0;;
cd4c5f43b8398240000000;004D54B4;Average;SIGFOX_Chile_Mintek;3419;03-01-2020 23:26;1;0;;
9a196043f44d8240000000;004D54B4;Average;SIGFOX_Chile_Mintek;3418;03-01-2020 23:14;1;0;;
33b36043dc148340000000;004D54B4;Average;SIGFOX_Chile_Mintek;3416;03-01-2020 22:50;2;1;;
33b35f4382728340000000;004D54B4;Average;SIGFOX_Chile_Mintek;3415;03-01-2020 22:38;1;0;;
33b35f437b328340000000;004D54B4;Average;SIGFOX_Chile_Mintek;3414;03-01-2020 22:26;1;0;;
33b35f436c108340000000;004D54B4;Limit;SIGFOX_Chile_Mintek;3413;03-01-2020 22:14;1;0;;
00805f43a9108340000000;004D54B4;Average;SIGFOX_Chile_Mintek;3412;03-01-2020 22:12;1;0;;
0000000092758140020200;004D54B4;Average;SIGFOX_Chile_Mintek;3411;03-01-2020 22:02;1;0;;
00006043b2a18140000000;004D54B4;Limit;SIGFOX_Chile_Mintek;3409;03-01-2020 21:50;2;1;;
cdcc5f43d9e18140000000;004D54B4;Average;SIGFOX_Chile_Mintek;3408;03-01-2020 21:38;1;0;;
66e65f43f23b8240000000;004D54B4;Average;SIGFOX_Chile_Mintek;3407;03-01-2020 21:26;1;0;;
33335c430c2c8240000000;004D54B4;Average;SIGFOX_Chile_Mintek;3406;03-01-2020 21:14;1;0;;
9a996143a28e8240000000;004D54B4;Limit;SIGFOX_Chile_Mintek;3405;03-01-2020 21:02;1;0;;
66665f43e6798340000000;004D54B4;Average;SIGFOX_Chile_Mintek;3403;03-01-2020 20:38;2;1;;
666661435a578340000000;004D54B4;Limit;SIGFOX_Chile_Pilot Telefonica (temp);3402;03-01-2020 20:26;1;0;;
66e660430a3a8340000000;004D54B4;Average;SIGFOX_Chile_Mintek;3401;03-01-2020 20:14;1;0;;
9a996043c6458340000000;004D54B4;Average;SIGFOX_Chile_Mintek;3400;03-01-2020 20:13;1;0;;
00000000302c8140020200;004D54B4;Average;SIGFOX_Chile_Mintek;3398;03-01-2020 20:01;2;1;;
00000000445d8140020200;004D54B4;Average;SIGFOX_Chile_Mintek;3397;03-01-2020 19:52;1;0;;
6666604392898140000000;004D54B4;Average;SIGFOX_Chile_Mintek;3396;03-01-2020 19:49;1;0;;
9a995f43c0c58140000000;004D54B4;Average;SIGFOX_Chile_Mintek;3395;03-01-2020 19:37;1;0;;
0000604326128240000000;004D54B4;Average;SIGFOX_Chile_Mintek;3394;03-01-2020 19:25;1;0;;
9a995f43879e8240000000;004D54B4;Average;SIGFOX_Chile_Mintek;3392;03-01-2020 19:01;2;1;;
66e65e438b558340000000;004D54B4;Average;SIGFOX_Chile_Mintek;3391;03-01-2020 18:49;1;0;;
00805d43475e8340000000;004D54B4;Average;SIGFOX_Chile_Mintek;3390;03-01-2020 18:37;1;0;;
9a995e4338718340000000;004D54B4;Limit;SIGFOX_Chile_Mintek;3389;03-01-2020 18:25;1;0;;
66e65e437a478340000000;004D54B4;Average;SIGFOX_Chile_Mintek;3388;03-01-2020 18:13;1;0;;
9a995f4324348340000000;004D54B4;Average;SIGFOX_Chile_Mintek;3387;03-01-2020 18:12;1;0;;
00000000b2128140020200;004D54B4;Average;SIGFOX_Chile_Mintek;3386;03-01-2020 18:01;1;0;;
00000000562c8140020200;004D54B4;Average;SIGFOX_Chile_Mintek;3385;03-01-2020 17:51;1;0;;
cdcc6243145c8140000000;004D54B4;Average;SIGFOX_Chile_Mintek;3384;03-01-2020 17:49;1;0;;
00805d43a0918140000000;004D54B4;Average;SIGFOX_Chile_Mintek;3382;03-01-2020 17:25;2;1;;
cdcc5c43d2bd8140000000;004D54B4;Average;SIGFOX_Chile_Mintek;3381;03-01-2020 17:13;1;0;;
cdcc5c434ace8140000000;004D54B4;Average;SIGFOX_Chile_Mintek;3380;03-01-2020 17:01;1;0;;
33335b43ee048240000000;004D54B4;Average;SIGFOX_Chile_Mintek;3379;03-01-2020 16:49;1;0;;
9a195e439c2d8240000000;004D54B4;Average;SIGFOX_Chile_Mintek;3378;03-01-2020 16:36;1;0;;
66e65e4352668240000000;004D54B4;Limit;SIGFOX_Chile_Mintek;3377;03-01-2020 16:24;1;0;;
33335e4346888240000000;004D54B4;Average;SIGFOX_Chile_Mintek;3376;03-01-2020 16:12;1;0;;
9a995d4388aa8240000000;004D54B4;Average;SIGFOX_Chile_Mintek;3375;03-01-2020 16:00;1;0;;
66665c4390de8240000000;004D54B4;Limit;SIGFOX_Chile_Mintek;3374;03-01-2020 15:48;1;0;;
66e65d4364838340000000;004D54B4;Average;SIGFOX_Chile_Mintek;3373;03-01-2020 15:36;1;0;;
9a995d43f04f8340000000;004D54B4;Limit;SIGFOX_Chile_Mintek;3372;03-01-2020 15:24;1;0;;
00005e43222c8340000000;004D54B4;Average;SIGFOX_Chile_Mintek;3371;03-01-2020 15:12;1;0;;
66665d4342498340000000;004D54B4;Limit;SIGFOX_Chile_Mintek;3370;03-01-2020 15:12;1;0;;
33b35d43c02a8340000000;004D54B4;Limit;SIGFOX_Chile_Mintek;3369;03-01-2020 15:12;1;0;;
00000000129e8140020200;004D54B4;Average;SIGFOX_Chile_Mintek;3368;03-01-2020 15:00;1;0;;
000000001afa8140020200;004D54B4;Average;SIGFOX_Chile_Mintek;3367;03-01-2020 14:51;1;0;;
33b35e43f0168240000000;004D54B4;Average;SIGFOX_Chile_Mintek;3365;03-01-2020 14:35;2;1;;
33b35c43c84d8240000000;004D54B4;Average;SIGFOX_Chile_Mintek;3364;03-01-2020 14:23;1;0;;
9a995c43de638240000000;004D54B4;Average;SIGFOX_Chile_Mintek;3363;03-01-2020 14:11;1;0;;
66e65d438b758240000000;004D54B4;Average;SIGFOX_Chile_Mintek;3362;03-01-2020 13:59;1;0;;
9a195f4364ce8240000000;004D54B4;Limit;SIGFOX_Chile_Pilot Telefonica (temp);3361;03-01-2020 13:47;1;0;;
00005f43f66a8340000000;004D54B4;Average;SIGFOX_Chile_Mintek;3360;03-01-2020 13:35;1;0;;
66665c43a84e8340000000;004D54B4;Average;SIGFOX_Chile_Mintek;3359;03-01-2020 13:23;1;0;;
cdcc5b439a698340000000;004D54B4;Limit;SIGFOX_Chile_Mintek;3358;03-01-2020 13:11;1;0;;
66e65c43f30e8340000000;004D54B4;Average;SIGFOX_Chile_Mintek;3357;03-01-2020 13:10;1;0;;
0000000008d58140020200;004D54B4;Average;SIGFOX_Chile_Mintek;3356;03-01-2020 12:59;1;0;;
00000000681b8240020200;004D54B4;Average;SIGFOX_Chile_Mintek;3355;03-01-2020 12:52;1;0;;
9a195c437c5d8240000000;004D54B4;Average;SIGFOX_Chile_Mintek;3353;03-01-2020 12:35;2;1;;
00005f4354548240000000;004D54B4;Average;SIGFOX_Chile_Mintek;3352;03-01-2020 12:23;1;0;;
cd4c5d43807c8240000000;004D54B4;Average;SIGFOX_Chile_Mintek;3351;03-01-2020 12:11;1;0;;
cdcc5b43dee48240000000;004D54B4;Average;SIGFOX_Chile_Mintek;3350;03-01-2020 11:59;1;0;;
66665e43cc618340000000;004D54B4;Average;SIGFOX_Chile_Mintek;3349;03-01-2020 11:47;1;0;;
9a195d439a5c8340000000;004D54B4;Average;SIGFOX_Chile_Mintek;3348;03-01-2020 11:35;1;0;;
00805d43661a8340000000;004D54B4;Average;SIGFOX_Chile_Mintek;3347;03-01-2020 11:25;1;0;;
00000000bc608140020200;004D54B4;Average;SIGFOX_Chile_Mintek;3346;03-01-2020 11:23;1;0;;
0000000048c58140020200;004D54B4;Average;SIGFOX_Chile_Mintek;3345;03-01-2020 11:11;1;0;;
00000000d6cb8140020200;004D54B4;Average;SIGFOX_Chile_Mintek;3344;03-01-2020 11:07;1;0;;
00805f43a6c28140000000;004D54B4;Average;SIGFOX_Chile_Mintek;3343;03-01-2020 10:59;1;0;;
00805f4332098240000000;004D54B4;Average;SIGFOX_Chile_Mintek;3342;03-01-2020 10:47;1;0;;
33335f4330268240000000;004D54B4;Average;SIGFOX_Chile_Mintek;3341;03-01-2020 10:35;1;0;;
9a9961432c478240000000;004D54B4;Average;SIGFOX_Chile_Mintek;3340;03-01-2020 10:22;1;0;;
cdcc5c43e4668240000000;004D54B4;Limit;SIGFOX_Chile_Mintek;3339;03-01-2020 10:10;1;0;;
9a995e432ba38240000000;004D54B4;Average;SIGFOX_Chile_Mintek;3338;03-01-2020 9:58;1;0;;
66e65e43feca8240000000;004D54B4;Average;SIGFOX_Chile_Mintek;3337;03-01-2020 9:46;1;0;;
cdcc5d439c028340000000;004D54B4;Average;SIGFOX_Chile_Mintek;3336;03-01-2020 9:34;1;0;;
00805d4356748340000000;004D54B4;Average;SIGFOX_Chile_Mintek;3335;03-01-2020 9:22;1;0;;
00005d43fc6a8340000000;004D54B4;Average;SIGFOX_Chile_Mintek;3334;03-01-2020 9:10;1;0;;
00805e43d6428340000000;004D54B4;Average;SIGFOX_Chile_Mintek;3333;03-01-2020 8:58;1;0;;
66e65f438e5b8340000000;004D54B4;Average;SIGFOX_Chile_Mintek;3332;03-01-2020 8:46;1;0;;
00806143266f8340000000;004D54B4;Average;SIGFOX_Chile_Mintek;3331;03-01-2020 8:34;1;0;;
9a995f431e578340000000;004D54B4;Average;SIGFOX_Chile_Mintek;3330;03-01-2020 8:22;1;0;;
0080614334708240000000;004D54B4;Average;SIGFOX_Chile_Mintek;3329;03-01-2020 8:12;1;0;;
0000000080e57d40020200;004D54B4;Average;SIGFOX_Chile_Mintek;3328;03-01-2020 8:10;1;0;;
000000007dc27e40020200;004D54B4;Limit;SIGFOX_Chile_Pilot Telefonica (temp);3327;03-01-2020 7:58;1;0;;
000000003f9f7e40020200;004D54B4;Average;SIGFOX_Chile_Mintek;3326;03-01-2020 7:54;1;0;;
66666443f62f7f40000000;004D54B4;Limit;SIGFOX_Chile_Pilot Telefonica (temp);3325;03-01-2020 7:46;1;0;;
6666644305de7f40000000;004D54B4;Average;SIGFOX_Chile_Mintek;3324;03-01-2020 7:34;1;0;;
9a196243e2228040000000;004D54B4;Limit;SIGFOX_Chile_Mintek;3323;03-01-2020 7:22;1;0;;
9a9963430b918040000000;004D54B4;Average;SIGFOX_Chile_Mintek;3322;03-01-2020 7:10;1;0;;
0080644318928040000000;004D54B4;Limit;SIGFOX_Chile_Mintek;3321;03-01-2020 6:58;1;0;;
66666543a11e8140000000;004D54B4;Average;SIGFOX_Chile_Mintek;3320;03-01-2020 6:46;1;0;;
cd4c6443166f8140000000;004D54B4;Average;SIGFOX_Chile_Mintek;3319;03-01-2020 6:34;1;0;;
33b3634324b08140000000;004D54B4;Average;SIGFOX_Chile_Mintek;3318;03-01-2020 6:22;1;0;;
9a196243e2ee8140000000;004D54B4;Average;SIGFOX_Chile_Mintek;3317;03-01-2020 6:09;1;0;;
33336243f8468240000000;004D54B4;Average;SIGFOX_Chile_Mintek;3316;03-01-2020 5:57;1;0;;
9a9962437f748240000000;004D54B4;Average;SIGFOX_Chile_Mintek;3315;03-01-2020 5:45;1;0;;
00006243f6fa8240000000;004D54B4;Average;SIGFOX_Chile_Mintek;3314;03-01-2020 5:33;1;0;;
9a196243ec1d8340000000;004D54B4;Average;SIGFOX_Chile_Mintek;3313;03-01-2020 5:21;1;0;;
0000624380038340000000;004D54B4;Average;SIGFOX_Chile_Mintek;3312;03-01-2020 5:11;1;0;;
00000000f6128240020200;004D54B4;Average;SIGFOX_Chile_Mintek;3311;03-01-2020 5:09;1;0;;
00000000d0c38240020200;004D54B4;Average;SIGFOX_Chile_Mintek;3310;03-01-2020 4:57;1;0;;
000000005ca08240020200;004D54B4;Limit;SIGFOX_Chile_Mintek;3309;03-01-2020 4:55;1;0;;
33b3624344fa8240000000;004D54B4;Average;SIGFOX_Chile_Mintek;3308;03-01-2020 4:45;1;0;;
33b362431a5b8340000000;004D54B4;Limit;SIGFOX_Chile_Mintek;3307;03-01-2020 4:33;1;0;;
00806243b6228340000000;004D54B4;Average;SIGFOX_Chile_Mintek;3306;03-01-2020 4:21;1;0;;
66e66143ce288340000000;004D54B4;Average;SIGFOX_Chile_Mintek;3304;03-01-2020 3:57;2;1;;
33b3614355638340000000;004D54B4;Limit;SIGFOX_Chile_Mintek;3303;03-01-2020 3:45;1;0;;
66e6614334278340000000;004D54B4;Average;SIGFOX_Chile_Mintek;3302;03-01-2020 3:33;1;0;;
33b3624396e28240000000;004D54B4;Average;SIGFOX_Chile_Mintek;3300;03-01-2020 3:12;2;1;;
000000006e438040020200;004D54B4;Limit;SIGFOX_Chile_Mintek;3299;03-01-2020 3:09;1;0;;
00000000cf9d8040020200;004D54B4;Average;SIGFOX_Chile_Mintek;3298;03-01-2020 2:57;1;0;;
000000005fa58040020200;004D54B4;Average;SIGFOX_Chile_Mintek;3297;03-01-2020 2:54;1;0;;
66666143d0a48040000000;004D54B4;Average;SIGFOX_Chile_Mintek;3296;03-01-2020 2:45;1;0;;
cdcc6043b7db8040000000;004D54B4;Average;SIGFOX_Chile_Mintek;3295;03-01-2020 2:33;1;0;;
cdcc60435c7b8140000000;004D54B4;Average;SIGFOX_Chile_Mintek;3294;03-01-2020 2:21;1;0;;
33b3604351548140000000;004D54B4;Average;SIGFOX_Chile_Mintek;3293;03-01-2020 2:09;1;0;;
9a9961430ca38140000000;004D54B4;Average;SIGFOX_Chile_Mintek;3292;03-01-2020 1:57;1;0;;
cd4c614333088240000000;004D54B4;Average;SIGFOX_Chile_Mintek;3291;03-01-2020 1:44;1;0;;
cd4c64432c018240000000;004D54B4;Average;SIGFOX_Chile_Mintek;3290;03-01-2020 1:32;1;0;;
66666343b8588240000000;004D54B4;Limit;SIGFOX_Chile_Mintek;3289;03-01-2020 1:20;1;0;;
33b36243d8a28240000000;004D54B4;Average;SIGFOX_Chile_Mintek;3288;03-01-2020 1:08;1;0;;
333362430cc18240000000;004D54B4;Average;SIGFOX_Chile_Mintek;3287;03-01-2020 0:56;1;0;;
33336143121e8340000000;004D54B4;Average;SIGFOX_Chile_Mintek;3286;03-01-2020 0:44;1;0;;
9a196043004d8340000000;004D54B4;Limit;SIGFOX_Chile_Mintek;3285;03-01-2020 0:32;1;0;;
cd4c61437e5b8340000000;004D54B4;Average;SIGFOX_Chile_Mintek;3284;03-01-2020 0:20;1;0;;
cd4c61436a118340000000;004D54B4;Average;SIGFOX_Chile_Mintek;3283;03-01-2020 0:13;1;0;;
000000008af08040020200;004D54B4;Average;SIGFOX_Chile_Mintek;3282;03-01-2020 0:08;1;0;;
00000000d06d8140020200;004D54B4;Limit;SIGFOX_Chile_Mintek;3281;02-01-2020 23:56;1;0;21;119
0000000070408140020200;004D54B4;Average;SIGFOX_Chile_Mintek;3280;02-01-2020 23:53;1;0;;
9a996143143e8140000000;004D54B4;Limit;SIGFOX_Chile_Mintek;3279;02-01-2020 23:44;1;0;;
33b36043d2b08140000000;004D54B4;Average;SIGFOX_Chile_Mintek;3278;02-01-2020 23:32;1;0;;
3333604304c88140000000;004D54B4;Limit;SIGFOX_Chile_Mintek;3277;02-01-2020 23:20;1;0;;
00005f43e6fc8140000000;004D54B4;Average;SIGFOX_Chile_Mintek;3276;02-01-2020 23:08;1;0;;
9a195b4332968240000000;004D54B4;Average;SIGFOX_Chile_Mintek;3275;02-01-2020 22:56;1;0;;
33335f4330cf8240000000;004D54B4;Average;SIGFOX_Chile_Mintek;3274;02-01-2020 22:44;1;0;;
9a995d43d00a8340000000;004D54B4;Average;SIGFOX_Chile_Mintek;3273;02-01-2020 22:32;1;0;;
33335e439e108340000000;004D54B4;Limit;SIGFOX_Chile_Pilot Telefonica (temp);3272;02-01-2020 22:20;1;0;;
9a195d4366448340000000;004D54B4;Average;SIGFOX_Chile_Mintek;3271;02-01-2020 22:12;1;0;;
000000003c468240020200;004D54B4;Average;SIGFOX_Chile_Mintek;3270;02-01-2020 22:08;1;0;;
0000000008eb8240020200;004D54B4;Average;SIGFOX_Chile_Mintek;3268;02-01-2020 21:53;2;1;;
66665b433a5e8340000000;004D54B4;Average;SIGFOX_Chile_Mintek;3267;02-01-2020 21:44;1;0;;
33b35a43fc3b8340000000;004D54B4;Average;SIGFOX_Chile_Mintek;3265;02-01-2020 21:19;2;1;;
66e65c431c728340000000;004D54B4;Average;SIGFOX_Chile_Mintek;3264;02-01-2020 21:07;1;0;;
cdcc5e43d2328340000000;004D54B4;Average;SIGFOX_Chile_Mintek;3263;02-01-2020 20:55;1;0;;
cdcc5f43f04a8340000000;004D54B4;Average;SIGFOX_Chile_Mintek;3261;02-01-2020 20:31;2;1;;
9a9960430b348340000000;004D54B4;Average;SIGFOX_Chile_Mintek;3260;02-01-2020 20:19;1;0;;
cdcc60430c028340000000;004D54B4;Limit;SIGFOX_Chile_Mintek;3259;02-01-2020 20:13;1;0;;
00000000d7308140020200;004D54B4;Average;SIGFOX_Chile_Mintek;3258;02-01-2020 20:07;1;0;;
000000001b978140020200;004D54B4;Average;SIGFOX_Chile_Mintek;3257;02-01-2020 19:55;1;0;;
00000000cd7f8140020200;004D54B4;Average;SIGFOX_Chile_Mintek;3256;02-01-2020 19:52;1;0;;
cd4c5f4396b88140000000;004D54B4;Average;SIGFOX_Chile_Mintek;3255;02-01-2020 19:43;1;0;;
cd4c5f43eaf38140000000;004D54B4;Limit;SIGFOX_Chile_Mintek;3254;02-01-2020 19:31;1;0;;
00805e4392438240000000;004D54B4;Average;SIGFOX_Chile_Mintek;3253;02-01-2020 19:19;1;0;;
cdcc5e4352938240000000;004D54B4;Average;SIGFOX_Chile_Mintek;3252;02-01-2020 19:07;1;0;;
00805b437ef98240000000;004D54B4;Average;SIGFOX_Chile_Mintek;3251;02-01-2020 18:55;1;0;;
cd4c5f436d6d8340000000;004D54B4;Average;SIGFOX_Chile_Mintek;3249;02-01-2020 18:31;2;1;;
9a9960438c5b8340000000;004D54B4;Limit;SIGFOX_Chile_Mintek;3248;02-01-2020 18:19;1;0;;
00805f431d1f8340000000;004D54B4;Limit;SIGFOX_Chile_Mintek;3247;02-01-2020 18:12;1;0;;
00000000d2ee8040020200;004D54B4;Average;SIGFOX_Chile_Mintek;3246;02-01-2020 18:07;1;0;;
0000000096268140020200;004D54B4;Average;SIGFOX_Chile_Mintek;3245;02-01-2020 17:55;1;0;;
00000000f1028140020200;004D54B4;Limit;SIGFOX_Chile_Mintek;3244;02-01-2020 17:52;1;0;;
9a996243c13f8140000000;004D54B4;Limit;SIGFOX_Chile_Mintek;3243;02-01-2020 17:43;1;0;;
00806143cc568140000000;004D54B4;Average;SIGFOX_Chile_Mintek;3242;02-01-2020 17:31;1;0;;
66e65f4354668140000000;004D54B4;Average;SIGFOX_Chile_Mintek;3241;02-01-2020 17:19;1;0;;
9a1960437eba8140000000;004D54B4;Average;SIGFOX_Chile_Mintek;3240;02-01-2020 17:06;1;0;;
33b35e43ecb48140000000;004D54B4;Average;SIGFOX_Chile_Mintek;3239;02-01-2020 16:54;1;0;;
9a995e4332d78140000000;004D54B4;Average;SIGFOX_Chile_Mintek;3238;02-01-2020 16:42;1;0;;
66665e4388368240000000;004D54B4;Average;SIGFOX_Chile_Mintek;3237;02-01-2020 16:30;1;0;;
cdcc5d439c658240000000;004D54B4;Limit;SIGFOX_Chile_Mintek;3236;02-01-2020 16:18;1;0;;
33335e43406a8240000000;004D54B4;Average;SIGFOX_Chile_Mintek;3235;02-01-2020 16:06;1;0;;
cdcc5d438cca8240000000;004D54B4;Average;SIGFOX_Chile_Mintek;3234;02-01-2020 15:54;1;0;;
33335d432e448340000000;004D54B4;Average;SIGFOX_Chile_Mintek;3233;02-01-2020 15:42;1;0;;
66e65c43f0528340000000;004D54B4;Average;SIGFOX_Chile_Mintek;3232;02-01-2020 15:30;1;0;;
00000000742c8140020200;004D54B4;Average;SIGFOX_Chile_Mintek;3229;02-01-2020 15:06;3;2;;
00000000b4588140020200;004D54B4;Average;SIGFOX_Chile_Mintek;3228;02-01-2020 14:54;1;0;;
000000006d5c8140020200;004D54B4;Limit;SIGFOX_Chile_Mintek;3227;02-01-2020 14:51;1;0;;
66e65d431caa8140000000;004D54B4;Average;SIGFOX_Chile_Mintek;3226;02-01-2020 14:42;1;0;;
9a995e43e4fa8140000000;004D54B4;Limit;SIGFOX_Chile_Mintek;3225;02-01-2020 14:30;1;0;;
33b35c43d8318240000000;004D54B4;Average;SIGFOX_Chile_Mintek;3224;02-01-2020 14:18;1;0;;
33335d43aa818240000000;004D54B4;Limit;SIGFOX_Chile_Mintek;3223;02-01-2020 14:06;1;0;;
33335e43ce578340000000;004D54B4;Average;SIGFOX_Chile_Mintek;3222;02-01-2020 13:54;1;0;;
cd4c5c435a7e8340000000;004D54B4;Average;SIGFOX_Chile_Mintek;3221;02-01-2020 13:42;1;0;;
66665c43ff4f8340000000;004D54B4;Average;SIGFOX_Chile_Mintek;3220;02-01-2020 13:30;1;0;;
9a195d43a64c8340000000;004D54B4;Average;SIGFOX_Chile_Mintek;3219;02-01-2020 13:18;1;0;;
9a995e43e42b8340000000;004D54B4;Average;SIGFOX_Chile_Mintek;3218;02-01-2020 13:10;1;0;;
000000008c2c8140020200;004D54B4;Average;SIGFOX_Chile_Mintek;3217;02-01-2020 13:06;1;0;;
0000000081848140020200;004D54B4;Average;SIGFOX_Chile_Mintek;3216;02-01-2020 12:54;1;0;;
00000000386a8140020200;004D54B4;Limit;SIGFOX_Chile_Mintek;3215;02-01-2020 12:52;1;0;;
00005f43c5c88140000000;004D54B4;Average;SIGFOX_Chile_Mintek;3214;02-01-2020 12:41;1;0;;
9a195f43bc2c8240000000;004D54B4;Average;SIGFOX_Chile_Mintek;3213;02-01-2020 12:29;1;0;;
00005c4313878240000000;004D54B4;Average;SIGFOX_Chile_Mintek;3212;02-01-2020 12:17;1;0;;
00005e43d6048340000000;004D54B4;Average;SIGFOX_Chile_Mintek;3211;02-01-2020 12:05;1;0;;
33b35e433c518340000000;004D54B4;Average;SIGFOX_Chile_Mintek;3210;02-01-2020 11:53;1;0;;
9a19604375538340000000;004D54B4;Average;SIGFOX_Chile_Mintek;3209;02-01-2020 11:41;1;0;;
000060435e528340000000;004D54B4;Average;SIGFOX_Chile_Mintek;3208;02-01-2020 11:29;1;0;;
33b360433e1c8340000000;004D54B4;Average;SIGFOX_Chile_Mintek;3207;02-01-2020 11:25;1;0;;
0000000001ad8040020200;004D54B4;Limit;SIGFOX_Chile_Mintek;3206;02-01-2020 11:17;1;0;;
000000000eae8040020200;004D54B4;Average;SIGFOX_Chile_Mintek;3205;02-01-2020 11:07;1;0;;
cdcc614396d28040000000;004D54B4;Average;SIGFOX_Chile_Mintek;3203;02-01-2020 10:53;2;1;;
66665e4354fa8040000000;004D54B4;Limit;SIGFOX_Chile_Mintek;3202;02-01-2020 10:41;1;0;;
33b35f432eee8040000000;004D54B4;Limit;SIGFOX_Chile_Mintek;3201;02-01-2020 10:29;1;0;;
9a195e43ec398140000000;004D54B4;Limit;SIGFOX_Chile_Mintek;3200;02-01-2020 10:17;1;0;;
33336043b3738140000000;004D54B4;Average;SIGFOX_Chile_Mintek;3199;02-01-2020 10:05;1;0;;
9a995f439fb18140000000;004D54B4;Average;SIGFOX_Chile_Mintek;3198;02-01-2020 9:53;1;0;;
33336143d6de8140000000;004D54B4;Average;SIGFOX_Chile_Mintek;3197;02-01-2020 9:41;1;0;;
000060435b3b8240000000;004D54B4;Average;SIGFOX_Chile_Mintek;3196;02-01-2020 9:29;1;0;;
cd4c6143daa28240000000;004D54B4;Limit;SIGFOX_Chile_Mintek;3195;02-01-2020 9:17;1;0;;
cdcc634332538340000000;004D54B4;Average;SIGFOX_Chile_Mintek;3194;02-01-2020 9:05;1;0;;
666664439d418340000000;004D54B4;Average;SIGFOX_Chile_Mintek;3193;02-01-2020 8:53;1;0;;
33336143f6448340000000;004D54B4;Average;SIGFOX_Chile_Mintek;3192;02-01-2020 8:41;1;0;;
33b3604309528340000000;004D54B4;Average;SIGFOX_Chile_Mintek;3191;02-01-2020 8:28;1;0;;
33336143e6628340000000;004D54B4;Average;SIGFOX_Chile_Mintek;3190;02-01-2020 8:16;1;0;;
008062433e268340000000;004D54B4;Limit;SIGFOX_Chile_Mintek;3189;02-01-2020 8:11;1;0;;
000000001a238040020200;004D54B4;Average;SIGFOX_Chile_Mintek;3188;02-01-2020 8:04;1;0;;
00000000413c8040020200;004D54B4;Limit;SIGFOX_Chile_Mintek;3187;02-01-2020 7:53;1;0;;
cdcc6243fd9a8040000000;004D54B4;Average;SIGFOX_Chile_Mintek;3186;02-01-2020 7:52;1;0;;
3333654359f18040000000;004D54B4;Limit;SIGFOX_Chile_Mintek;3184;02-01-2020 7:28;2;1;;
cd4c6343d1448140000000;004D54B4;Average;SIGFOX_Chile_Mintek;3182;02-01-2020 7:04;2;1;;
33b3644327ff8140000000;004D54B4;Average;SIGFOX_Chile_Mintek;3180;02-01-2020 6:40;2;1;;
9a996443f2208240000000;004D54B4;Limit;SIGFOX_Chile_Mintek;3179;02-01-2020 6:28;1;0;;
0080644368b08240000000;004D54B4;Limit;SIGFOX_Chile_Mintek;3176;02-01-2020 5:52;3;2;;
3333654378138340000000;004D54B4;Limit;SIGFOX_Chile_Mintek;3175;02-01-2020 5:40;1;0;;
66666543a4518340000000;004D54B4;Average;SIGFOX_Chile_Mintek;3174;02-01-2020 5:28;1;0;;
cd4c6543061d8340000000;004D54B4;Limit;SIGFOX_Chile_Mintek;3173;02-01-2020 5:16;1;0;;
9a19654332168340000000;004D54B4;Average;SIGFOX_Chile_Mintek;3172;02-01-2020 5:11;1;0;;
00000000fcfa8140020200;004D54B4;Average;SIGFOX_Chile_Mintek;3170;02-01-2020 4:54;2;1;;
6666654322e98140000000;004D54B4;Average;SIGFOX_Chile_Mintek;3168;02-01-2020 4:40;2;1;;
cdcc6443ee248240000000;004D54B4;Limit;SIGFOX_Chile_Mintek;3167;02-01-2020 4:28;1;0;;
66666543d4a08240000000;004D54B4;Average;SIGFOX_Chile_Mintek;3166;02-01-2020 4:16;1;0;;
66e6644321d38240000000;004D54B4;Average;SIGFOX_Chile_Mintek;3165;02-01-2020 4:03;1;0;;
cd4c6543065e8340000000;004D54B4;Limit;SIGFOX_Chile_Mintek;3164;02-01-2020 3:51;1;0;;
cd4c6543442f8340000000;004D54B4;Average;SIGFOX_Chile_Mintek;3163;02-01-2020 3:39;1;0;;
3333654316678340000000;004D54B4;Average;SIGFOX_Chile_Mintek;3162;02-01-2020 3:27;1;0;;
66e6644370448340000000;004D54B4;Limit;SIGFOX_Chile_Mintek;3161;02-01-2020 3:15;1;0;;
9a99644372d58040000000;004D54B4;Average;SIGFOX_Chile_Mintek;3156;02-01-2020 2:39;5;4;;
00006443fe348140000000;004D54B4;Average;SIGFOX_Chile_Mintek;3154;02-01-2020 2:15;2;1;;
3333644314878140000000;004D54B4;Limit;SIGFOX_Chile_Mintek;3153;02-01-2020 2:03;1;0;;
9a19654305a58140000000;004D54B4;Average;SIGFOX_Chile_Mintek;3152;02-01-2020 1:51;1;0;;
33b36443b61e8240000000;004D54B4;Average;SIGFOX_Chile_Mintek;3150;02-01-2020 1:27;2;1;;
cd4c64439e628240000000;004D54B4;Average;SIGFOX_Chile_Mintek;3149;02-01-2020 1:15;1;0;;
9a19634385b58240000000;004D54B4;Average;SIGFOX_Chile_Mintek;3148;02-01-2020 1:03;1;0;;
9a196243a89f8240000000;004D54B4;Average;SIGFOX_Chile_Mintek;3147;02-01-2020 0:51;1;0;;
cdcc614350258340000000;004D54B4;Average;SIGFOX_Chile_Mintek;3146;02-01-2020 0:39;1;0;;
00806143b20d8340000000;004D54B4;Average;SIGFOX_Chile_Mintek;3145;02-01-2020 0:27;1;0;;
666661432f418340000000;004D54B4;Average;SIGFOX_Chile_Mintek;3144;02-01-2020 0:15;1;0;;
0000000056988140020200;004D54B4;Average;SIGFOX_Chile_Mintek;3142;02-01-2020 0:03;2;1;;
00000000a2928140020200;004D54B4;Limit;SIGFOX_Chile_Mintek;3141;01-01-2020 23:52;1;0;5;194
66666043cc808140000000;004D54B4;Average;SIGFOX_Chile_Mintek;3140;01-01-2020 23:51;1;0;;
cdcc6043f1cb8140000000;004D54B4;Limit;SIGFOX_Chile_Mintek;3139;01-01-2020 23:38;1;0;;
9a1960435a128240000000;004D54B4;Limit;SIGFOX_Chile_Mintek;3138;01-01-2020 23:26;1;0;;
cdcc6243281c8240000000;004D54B4;Average;SIGFOX_Chile_Mintek;3137;01-01-2020 23:14;1;0;;
33336243d86f8240000000;004D54B4;Limit;SIGFOX_Chile_Pilot Telefonica (temp);3135;01-01-2020 22:50;2;1;;
cd4c6043ec0d8340000000;004D54B4;Average;SIGFOX_Chile_Mintek;3134;01-01-2020 22:38;1;0;;
66e65e432a528340000000;004D54B4;Average;SIGFOX_Chile_Mintek;3133;01-01-2020 22:26;1;0;;
66665e43e3728340000000;004D54B4;Average;SIGFOX_Chile_Mintek;3132;01-01-2020 22:14;1;0;;
33335e4320328340000000;004D54B4;Average;SIGFOX_Chile_Mintek;3131;01-01-2020 22:12;1;0;;
0000000014ba8140020200;004D54B4;Limit;SIGFOX_Chile_Pilot Telefonica (temp);3130;01-01-2020 22:02;1;0;;
0000000034f98140020200;004D54B4;Limit;SIGFOX_Chile_Mintek;3129;01-01-2020 21:52;1;0;;
66665e43a4438240000000;004D54B4;Limit;SIGFOX_Chile_Mintek;3128;01-01-2020 21:50;1;0;;
66e65d43864d8240000000;004D54B4;Average;SIGFOX_Chile_Mintek;3127;01-01-2020 21:38;1;0;;
9a195e43604a8240000000;004D54B4;Average;SIGFOX_Chile_Mintek;3126;01-01-2020 21:26;1;0;;
33b35e43c6838240000000;004D54B4;Limit;SIGFOX_Chile_Mintek;3125;01-01-2020 21:14;1;0;;
66e660437aa68240000000;004D54B4;Average;SIGFOX_Chile_Mintek;3124;01-01-2020 21:02;1;0;;
6666624380fb8240000000;004D54B4;Average;SIGFOX_Chile_Mintek;3123;01-01-2020 20:50;1;0;;
33335f4340628340000000;004D54B4;Average;SIGFOX_Chile_Mintek;3122;01-01-2020 20:38;1;0;;
33b36143504e8340000000;004D54B4;Average;SIGFOX_Chile_Mintek;3121;01-01-2020 20:26;1;0;;
cd4c6143262a8340000000;004D54B4;Average;SIGFOX_Chile_Mintek;3120;01-01-2020 20:14;1;0;;
666661432e2e8340000000;004D54B4;Average;SIGFOX_Chile_Mintek;3119;01-01-2020 20:13;1;0;;
00000000de308140020200;004D54B4;Limit;SIGFOX_Chile_Mintek;3118;01-01-2020 20:13;1;0;;
00000000ba6d8140020200;004D54B4;Average;SIGFOX_Chile_Mintek;3117;01-01-2020 20:01;1;0;;
00000000f0c38140020200;004D54B4;Average;SIGFOX_Chile_Mintek;3116;01-01-2020 19:52;1;0;;
6666614323df8140000000;004D54B4;Average;SIGFOX_Chile_Mintek;3115;01-01-2020 19:49;1;0;;
00806143f0268240000000;004D54B4;Limit;SIGFOX_Chile_Mintek;3114;01-01-2020 19:37;1;0;;
33b36143464c8240000000;004D54B4;Average;SIGFOX_Chile_Mintek;3113;01-01-2020 19:25;1;0;;
66e66043ff4f8340000000;004D54B4;Limit;SIGFOX_Chile_Mintek;3111;01-01-2020 19:01;2;1;;
cd4c6143837e8340000000;004D54B4;Limit;SIGFOX_Chile_Pilot Telefonica (temp);3110;01-01-2020 18:49;1;0;;
33336143344a8340000000;004D54B4;Average;SIGFOX_Chile_Mintek;3109;01-01-2020 18:37;1;0;;
9a996143e8438340000000;004D54B4;Average;SIGFOX_Chile_Mintek;3108;01-01-2020 18:25;1;0;;
00006143a61c8340000000;004D54B4;Limit;SIGFOX_Chile_Mintek;3107;01-01-2020 18:13;1;0;;
00000000b8917f40020200;004D54B4;Limit;SIGFOX_Chile_Mintek;3106;01-01-2020 18:12;1;0;;
000000005d777e40010200;004D54B4;Limit;SIGFOX_Chile_Mintek;3105;01-01-2020 18:12;1;0;;
000000007c947f40020200;004D54B4;Average;SIGFOX_Chile_Mintek;3104;01-01-2020 18:12;1;0;;
0000000024de7e40010200;004D54B4;Average;SIGFOX_Chile_Mintek;3103;01-01-2020 18:11;1;0;;
00000000228b7f40020200;004D54B4;Average;SIGFOX_Chile_Mintek;3102;01-01-2020 18:11;1;0;;
0000000007ab7e40010200;004D54B4;Average;SIGFOX_Chile_Mintek;3101;01-01-2020 18:11;1;0;;
00000000caa07f40020200;004D54B4;Average;SIGFOX_Chile_Mintek;3100;01-01-2020 18:10;1;0;;
00000000a4237f40010200;004D54B4;Average;SIGFOX_Chile_Mintek;3099;01-01-2020 18:10;1;0;;
00000000949a7f40020200;004D54B4;Average;SIGFOX_Chile_Mintek;3098;01-01-2020 18:10;1;0;;
000000003cab7e40010200;004D54B4;Average;SIGFOX_Chile_Mintek;3097;01-01-2020 18:09;1;0;;
0000000045ac7f40020200;004D54B4;Average;SIGFOX_Chile_Mintek;3096;01-01-2020 18:09;1;0;;
00000000e3ca7e40010200;004D54B4;Average;SIGFOX_Chile_Mintek;3095;01-01-2020 18:09;1;0;;
00000000de9f7f40020200;004D54B4;Average;SIGFOX_Chile_Mintek;3094;01-01-2020 18:08;1;0;;
0000000032707f40010200;004D54B4;Limit;SIGFOX_Chile_Mintek;3093;01-01-2020 18:08;1;0;;
000000001bc47f40020200;004D54B4;Average;SIGFOX_Chile_Mintek;3092;01-01-2020 18:08;1;0;;
0000000053787f40010200;004D54B4;Average;SIGFOX_Chile_Mintek;3091;01-01-2020 18:07;1;0;;
000000001ab67f40020200;004D54B4;Average;SIGFOX_Chile_Mintek;3090;01-01-2020 18:07;1;0;;
0000000037477f40010200;004D54B4;Limit;SIGFOX_Chile_Mintek;3089;01-01-2020 18:07;1;0;;
000000002ddd7f40020200;004D54B4;Average;SIGFOX_Chile_Mintek;3088;01-01-2020 18:06;1;0;;
000000000b667f40010200;004D54B4;Average;SIGFOX_Chile_Mintek;3087;01-01-2020 18:06;1;0;;
00000000c6f67f40020200;004D54B4;Limit;SIGFOX_Chile_Mintek;3086;01-01-2020 18:06;1;0;;
0000000099f47e40010200;004D54B4;Average;SIGFOX_Chile_Mintek;3085;01-01-2020 18:05;1;0;;
00000000a4db7f40020200;004D54B4;Average;SIGFOX_Chile_Mintek;3084;01-01-2020 18:05;1;0;;
00000000126a7f40010200;004D54B4;Average;SIGFOX_Chile_Mintek;3083;01-01-2020 18:05;1;0;;
0000000081bd7f40020200;004D54B4;Average;SIGFOX_Chile_Mintek;3082;01-01-2020 18:04;1;0;;
00000000a6737f40010200;004D54B4;Average;SIGFOX_Chile_Mintek;3081;01-01-2020 18:04;1;0;;
0000000070008040020200;004D54B4;Average;SIGFOX_Chile_Mintek;3080;01-01-2020 18:04;1;0;;
00000000ab1f7f40010200;004D54B4;Average;SIGFOX_Chile_Mintek;3079;01-01-2020 18:03;1;0;;
000000006a3c8040010200;004D54B4;Average;SIGFOX_Chile_Mintek;3077;01-01-2020 18:03;2;1;;
00000000ba158040020200;004D54B4;Average;SIGFOX_Chile_Mintek;3076;01-01-2020 18:02;1;0;;
000000002bb17f40010200;004D54B4;Limit;SIGFOX_Chile_Mintek;3075;01-01-2020 18:02;1;0;;
0000000074108040020200;004D54B4;Average;SIGFOX_Chile_Mintek;3074;01-01-2020 18:02;1;0;;
0000000077f27e40010200;004D54B4;Average;SIGFOX_Chile_Mintek;3073;01-01-2020 18:01;1;0;;
000000005ff77f40020200;004D54B4;Average;SIGFOX_Chile_Mintek;3072;01-01-2020 18:01;1;0;;
000000000a497f40010200;004D54B4;Average;SIGFOX_Chile_Mintek;3071;01-01-2020 18:01;1;0;;
000000006c0c8040020200;004D54B4;Average;SIGFOX_Chile_Mintek;3070;01-01-2020 18:00;1;0;;
0000000025597f40010200;004D54B4;Average;SIGFOX_Chile_Mintek;3069;01-01-2020 18:00;1;0;;
00000000d2148040020200;004D54B4;Limit;SIGFOX_Chile_Mintek;3068;01-01-2020 18:00;1;0;;
00000000812d8040010200;004D54B4;Limit;SIGFOX_Chile_Mintek;3067;01-01-2020 17:59;1;0;;
000000001c1a8040020200;004D54B4;Limit;SIGFOX_Chile_Pilot Telefonica (temp);3066;01-01-2020 17:59;1;0;;
00000000927b7f40010200;004D54B4;Limit;SIGFOX_Chile_Mintek;3065;01-01-2020 17:59;1;0;;
00000000241b8040020200;004D54B4;Limit;SIGFOX_Chile_Mintek;3064;01-01-2020 17:58;1;0;;
00000000d3367f40010200;004D54B4;Limit;SIGFOX_Chile_Mintek;3063;01-01-2020 17:58;1;0;;
000000008f188040020200;004D54B4;Average;SIGFOX_Chile_Mintek;3062;01-01-2020 17:58;1;0;;
0000000081097f40010200;004D54B4;Average;SIGFOX_Chile_Mintek;3061;01-01-2020 17:57;1;0;;
00000000fc298040020200;004D54B4;Average;SIGFOX_Chile_Mintek;3060;01-01-2020 17:57;1;0;;
00000000af558040010200;004D54B4;Average;SIGFOX_Chile_Mintek;3059;01-01-2020 17:57;1;0;;
000000009a2a8040020200;004D54B4;Limit;SIGFOX_Chile_Mintek;3058;01-01-2020 17:56;1;0;;
00000000fe9c7f40010200;004D54B4;Average;SIGFOX_Chile_Mintek;3057;01-01-2020 17:56;1;0;;
00000000942c8040020200;004D54B4;Limit;SIGFOX_Chile_Mintek;3056;01-01-2020 17:56;1;0;;
00000000e4937f40010200;004D54B4;Average;SIGFOX_Chile_Mintek;3055;01-01-2020 17:55;1;0;;
000000007a208040020200;004D54B4;Average;SIGFOX_Chile_Mintek;3054;01-01-2020 17:55;1;0;;
0000000082068040010200;004D54B4;Average;SIGFOX_Chile_Mintek;3053;01-01-2020 17:55;1;0;;
0000000058298040020200;004D54B4;Average;SIGFOX_Chile_Mintek;3052;01-01-2020 17:54;1;0;;
000000005e897f40010200;004D54B4;Average;SIGFOX_Chile_Mintek;3051;01-01-2020 17:54;1;0;;
00000000a6328040020200;004D54B4;Average;SIGFOX_Chile_Mintek;3050;01-01-2020 17:54;1;0;;
000000008b5d7f40010200;004D54B4;Average;SIGFOX_Chile_Mintek;3049;01-01-2020 17:53;1;0;;
00000000f43c8040020200;004D54B4;Average;SIGFOX_Chile_Mintek;3048;01-01-2020 17:53;1;0;;
00000000337d7f40010200;004D54B4;Average;SIGFOX_Chile_Mintek;3047;01-01-2020 17:53;1;0;;
00000000471c8040020200;004D54B4;Average;SIGFOX_Chile_Mintek;3046;01-01-2020 17:52;1;0;;
0000000056388040010200;004D54B4;Average;SIGFOX_Chile_Mintek;3045;01-01-2020 17:52;1;0;;
66e65f43de7d8040000000;004D54B4;Average;SIGFOX_Chile_Mintek;3044;01-01-2020 17:40;1;0;;
cdcc5f4358a98040000000;004D54B4;Average;SIGFOX_Chile_Mintek;3043;01-01-2020 17:28;1;0;;
9a196043f6e48040000000;004D54B4;Average;SIGFOX_Chile_Mintek;3042;01-01-2020 17:16;1;0;;
66e65f434ceb8040000000;004D54B4;Average;SIGFOX_Chile_Mintek;3041;01-01-2020 17:04;1;0;;
cdcc5f43815f8140000000;004D54B4;Average;SIGFOX_Chile_Mintek;3040;01-01-2020 16:52;1;0;;
cdcc5f43feb28140000000;004D54B4;Average;SIGFOX_Chile_Mintek;3039;01-01-2020 16:40;1;0;;
00005f4310f68140000000;004D54B4;Average;SIGFOX_Chile_Mintek;3038;01-01-2020 16:28;1;0;;
9a995f43884c8240000000;004D54B4;Average;SIGFOX_Chile_Mintek;3037;01-01-2020 16:16;1;0;;
9a995e4375b58240000000;004D54B4;Average;SIGFOX_Chile_Mintek;3036;01-01-2020 16:04;1;0;;
00805e43e44d8340000000;004D54B4;Average;SIGFOX_Chile_Mintek;3035;01-01-2020 15:51;1;0;;
33b35e43ae4d8340000000;004D54B4;Average;SIGFOX_Chile_Mintek;3034;01-01-2020 15:39;1;0;;
66665e43744a8340000000;004D54B4;Average;SIGFOX_Chile_Mintek;3033;01-01-2020 15:27;1;0;;
9a995e43d03b8340000000;004D54B4;Average;SIGFOX_Chile_Mintek;3032;01-01-2020 15:15;1;0;;
cdcc5e434e268340000000;004D54B4;Average;SIGFOX_Chile_Mintek;3031;01-01-2020 15:11;1;0;;
00000000a1598140020200;004D54B4;Average;SIGFOX_Chile_Mintek;3030;01-01-2020 15:03;1;0;;
0000000062938140020200;004D54B4;Average;SIGFOX_Chile_Mintek;3029;01-01-2020 14:52;1;0;;
66665e43388d8140000000;004D54B4;Average;SIGFOX_Chile_Mintek;3028;01-01-2020 14:51;1;0;;
00805d43a4ca8140000000;004D54B4;Average;SIGFOX_Chile_Mintek;3027;01-01-2020 14:39;1;0;;
9a195e432a0d8240000000;004D54B4;Limit;SIGFOX_Chile_Mintek;3026;01-01-2020 14:27;1;0;;
66e65d4370498240000000;004D54B4;Average;SIGFOX_Chile_Mintek;3025;01-01-2020 14:15;1;0;;
9a995e4360808240000000;004D54B4;Average;SIGFOX_Chile_Mintek;3024;01-01-2020 14:03;1;0;;
cdcc5e4369b08240000000;004D54B4;Average;SIGFOX_Chile_Mintek;3023;01-01-2020 13:51;1;0;;
00805f43264b8340000000;004D54B4;Average;SIGFOX_Chile_Mintek;3022;01-01-2020 13:39;1;0;;
cdcc5f43475b8340000000;004D54B4;Limit;SIGFOX_Chile_Mintek;3021;01-01-2020 13:27;1;0;;
66e65f43f6528340000000;004D54B4;Average;SIGFOX_Chile_Mintek;3020;01-01-2020 13:15;1;0;;
cd4c60435d128340000000;004D54B4;Average;SIGFOX_Chile_Mintek;3019;01-01-2020 13:10;1;0;;
000000003a748140020200;004D54B4;Average;SIGFOX_Chile_Mintek;3018;01-01-2020 13:03;1;0;;
0000000003cc8140020200;004D54B4;Average;SIGFOX_Chile_Mintek;3017;01-01-2020 12:53;1;0;;
cdcc5f430dc58140000000;004D54B4;Average;SIGFOX_Chile_Mintek;3016;01-01-2020 12:51;1;0;;
9a195f4338f58140000000;004D54B4;Limit;SIGFOX_Chile_Mintek;3015;01-01-2020 12:39;1;0;;
33b36043d21b8240000000;004D54B4;Limit;SIGFOX_Chile_Pilot Telefonica (temp);3014;01-01-2020 12:27;1;0;;
00806143354a8240000000;004D54B4;Average;SIGFOX_Chile_Mintek;3013;01-01-2020 12:15;1;0;;
9a195e43ea6f8240000000;004D54B4;Average;SIGFOX_Chile_Mintek;3012;01-01-2020 12:03;1;0;;
00805e4390b38240000000;004D54B4;Average;SIGFOX_Chile_Mintek;3011;01-01-2020 11:51;1;0;;
66665e43a0eb8240000000;004D54B4;Average;SIGFOX_Chile_Mintek;3010;01-01-2020 11:39;1;0;;
00805f43924b8340000000;004D54B4;Limit;SIGFOX_Chile_Mintek;3009;01-01-2020 11:26;1;0;;
0000604366468340000000;004D54B4;Average;SIGFOX_Chile_Mintek;3008;01-01-2020 11:25;1;0;;
00000000a6e28240020200;004D54B4;Limit;SIGFOX_Chile_Mintek;3007;01-01-2020 11:14;1;0;;
00000000b1058340020200;004D54B4;Average;SIGFOX_Chile_Mintek;3006;01-01-2020 11:07;1;0;;
cd4c6143a6588340000000;004D54B4;Average;SIGFOX_Chile_Mintek;3005;01-01-2020 11:02;1;0;;
00006243de7c8340000000;004D54B4;Average;SIGFOX_Chile_Mintek;3004;01-01-2020 10:50;1;0;;
9a1962430b4e8340000000;004D54B4;Limit;SIGFOX_Chile_Mintek;3003;01-01-2020 10:38;1;0;;
9a1962438f618340000000;004D54B4;Average;SIGFOX_Chile_Mintek;3002;01-01-2020 10:26;1;0;;
33b3624345428340000000;004D54B4;Average;SIGFOX_Chile_Mintek;3001;01-01-2020 10:14;1;0;;
cdcc6243ec648340000000;004D54B4;Average;SIGFOX_Chile_Mintek;3000;01-01-2020 10:02;1;0;;
0000644370538340000000;004D54B4;Limit;SIGFOX_Chile_Mintek;2999;01-01-2020 9:50;1;0;;
00806343c75a8340000000;004D54B4;Average;SIGFOX_Chile_Mintek;2998;01-01-2020 9:38;1;0;;
00006443806a8340000000;004D54B4;Average;SIGFOX_Chile_Mintek;2997;01-01-2020 9:26;1;0;;
33336443006f8340000000;004D54B4;Average;SIGFOX_Chile_Mintek;2996;01-01-2020 9:14;1;0;;
66e66343f54f8340000000;004D54B4;Average;SIGFOX_Chile_Mintek;2995;01-01-2020 9:02;1;0;;
cdcc64430a6e8340000000;004D54B4;Average;SIGFOX_Chile_Mintek;2994;01-01-2020 8:50;1;0;;
66e66343904b8340000000;004D54B4;Average;SIGFOX_Chile_Mintek;2993;01-01-2020 8:38;1;0;;
333362435a538340000000;004D54B4;Average;SIGFOX_Chile_Mintek;2992;01-01-2020 8:26;1;0;;
9a196543502c8340000000;004D54B4;Average;SIGFOX_Chile_Mintek;2991;01-01-2020 8:14;1;0;;
66e66443e8dc8240000000;004D54B4;Average;SIGFOX_Chile_Mintek;2990;01-01-2020 8:12;1;0;;
00000000e6708040020200;004D54B4;Average;SIGFOX_Chile_Mintek;2989;01-01-2020 8:02;1;0;;
0000000064538040020200;004D54B4;Average;SIGFOX_Chile_Mintek;2988;01-01-2020 7:54;1;0;;
66e663431ea18040000000;004D54B4;Limit;SIGFOX_Chile_Mintek;2987;01-01-2020 7:50;1;0;;
666663437eb08040000000;004D54B4;Average;SIGFOX_Chile_Mintek;2986;01-01-2020 7:38;1;0;;
9a99644334108140000000;004D54B4;Limit;SIGFOX_Chile_Pilot Telefonica (temp);2984;01-01-2020 7:13;2;1;;
3333634370328140000000;004D54B4;Average;SIGFOX_Chile_Mintek;2983;01-01-2020 7:01;1;0;;
cd4c6343b6938140000000;004D54B4;Limit;SIGFOX_Chile_Mintek;2982;01-01-2020 6:49;1;0;;
33b36343a69e8140000000;004D54B4;Average;SIGFOX_Chile_Mintek;2981;01-01-2020 6:37;1;0;;
66e6624346c78140000000;004D54B4;Limit;SIGFOX_Chile_Mintek;2980;01-01-2020 6:25;1;0;;
9a996143832b8240000000;004D54B4;Average;SIGFOX_Chile_Mintek;2979;01-01-2020 6:13;1;0;;
66e66143ea478240000000;004D54B4;Average;SIGFOX_Chile_Mintek;2978;01-01-2020 6:01;1;0;;
cd4c6143f0868240000000;004D54B4;Limit;SIGFOX_Chile_Mintek;2977;01-01-2020 5:49;1;0;;
66e6604360b68240000000;004D54B4;Average;SIGFOX_Chile_Mintek;2976;01-01-2020 5:37;1;0;;
cdcc6043343e8340000000;004D54B4;Average;SIGFOX_Chile_Mintek;2975;01-01-2020 5:25;1;0;;
cdcc604384278340000000;004D54B4;Limit;SIGFOX_Chile_Mintek;2974;01-01-2020 5:13;1;0;;
000000002ae98140020200;004D54B4;Average;SIGFOX_Chile_Mintek;2972;01-01-2020 5:01;2;1;;
0000000008bf8140020200;004D54B4;Average;SIGFOX_Chile_Mintek;2971;01-01-2020 4:54;1;0;;
008060435ed78140000000;004D54B4;Average;SIGFOX_Chile_Mintek;2970;01-01-2020 4:49;1;0;;
9a196043f0408240000000;004D54B4;Average;SIGFOX_Chile_Mintek;2969;01-01-2020 4:37;1;0;;
cd4c6043eeb38240000000;004D54B4;Average;SIGFOX_Chile_Mintek;2968;01-01-2020 4:25;1;0;;
9a996043a59c8240000000;004D54B4;Limit;SIGFOX_Chile_Mintek;2967;01-01-2020 4:13;1;0;;
cd4c6143ee8e8240000000;004D54B4;Average;SIGFOX_Chile_Mintek;2966;01-01-2020 4:01;1;0;;
9a1962435cb88240000000;004D54B4;Average;SIGFOX_Chile_Mintek;2965;01-01-2020 3:49;1;0;;
0080614304e18240000000;004D54B4;Average;SIGFOX_Chile_Mintek;2964;01-01-2020 3:37;1;0;;
008060433e7b8340000000;004D54B4;Average;SIGFOX_Chile_Mintek;2963;01-01-2020 3:25;1;0;;
00006443b4088340000000;004D54B4;Average;SIGFOX_Chile_Mintek;2962;01-01-2020 3:13;1;0;;
9a19644364468340000000;004D54B4;Average;SIGFOX_Chile_Mintek;2961;01-01-2020 3:12;1;0;;
9a19644352588340000000;004D54B4;Average;SIGFOX_Chile_Mintek;2960;01-01-2020 3:12;1;0;;
00000000be258240020200;004D54B4;Average;SIGFOX_Chile_Mintek;2959;01-01-2020 3:00;1;0;;
000000007ef98140020200;004D54B4;Average;SIGFOX_Chile_Mintek;2958;01-01-2020 2:53;1;0;;
9a196443481f8240000000;004D54B4;Average;SIGFOX_Chile_Mintek;2957;01-01-2020 2:48;1;0;;
00006343f02d8240000000;004D54B4;Average;SIGFOX_Chile_Mintek;2956;01-01-2020 2:36;1;0;;
00006343c8568240000000;004D54B4;Average;SIGFOX_Chile_Mintek;2955;01-01-2020 2:24;1;0;;
9a1962438e458240000000;004D54B4;Average;SIGFOX_Chile_Mintek;2954;01-01-2020 2:12;1;0;;
9a196243f4628240000000;004D54B4;Average;SIGFOX_Chile_Mintek;2953;01-01-2020 2:00;1;0;;
33b3614322668240000000;004D54B4;Average;SIGFOX_Chile_Mintek;2952;01-01-2020 1:48;1;0;;
33336143e97e8240000000;004D54B4;Average;SIGFOX_Chile_Mintek;2951;01-01-2020 1:36;1;0;;
9a19614346b78240000000;004D54B4;Average;SIGFOX_Chile_Mintek;2950;01-01-2020 1:24;1;0;;
9a9960431bc88240000000;004D54B4;Average;SIGFOX_Chile_Mintek;2949;01-01-2020 1:11;1;0;;
008060434bc28240000000;004D54B4;Average;SIGFOX_Chile_Mintek;2948;01-01-2020 0:59;1;0;;
000060439bee8240000000;004D54B4;Average;SIGFOX_Chile_Mintek;2947;01-01-2020 0:47;1;0;;
cd4c5f437cf98240000000;004D54B4;Average;SIGFOX_Chile_Mintek;2946;01-01-2020 0:35;1;0;;
cd4c5f43ba648340000000;004D54B4;Average;SIGFOX_Chile_Mintek;2945;01-01-2020 0:23;1;0;;
66665f43dc348340000000;004D54B4;Limit;SIGFOX_Chile_Mintek;2944;01-01-2020 0:13;1;0;;
00000000d4288240020200;004D54B4;Average;SIGFOX_Chile_Mintek;2943;01-01-2020 0:11;1;0;;
00000000ee548240020200;004D54B4;Limit;SIGFOX_Chile_Mintek;2942;31-12-2019 23:59;1;0;9;136
000000002d2b8240020200;004D54B4;Average;SIGFOX_Chile_Mintek;2941;31-12-2019 23:52;1;0;;
cd4c624364518240000000;004D54B4;Average;SIGFOX_Chile_Mintek;2940;31-12-2019 23:47;1;0;;
33b3614360ac8240000000;004D54B4;Average;SIGFOX_Chile_Mintek;2939;31-12-2019 23:35;1;0;;
00005e4386998240000000;004D54B4;Limit;SIGFOX_Chile_Mintek;2936;31-12-2019 22:59;3;2;;
00805a4395088340000000;004D54B4;Average;SIGFOX_Chile_Mintek;2934;31-12-2019 22:35;2;1;;
33b35c43fe608340000000;004D54B4;Average;SIGFOX_Chile_Mintek;2933;31-12-2019 22:23;1;0;;
9a195e43a0768340000000;004D54B4;Average;SIGFOX_Chile_Mintek;2932;31-12-2019 22:12;1;0;;
00000000b25f8240020200;004D54B4;Average;SIGFOX_Chile_Mintek;2931;31-12-2019 22:11;1;0;;
00000000129b8240020200;004D54B4;Average;SIGFOX_Chile_Mintek;2930;31-12-2019 21:59;1;0;;
0000000050998240020200;004D54B4;Average;SIGFOX_Chile_Mintek;2929;31-12-2019 21:52;1;0;;
cdcc5a4352b48240000000;004D54B4;Average;SIGFOX_Chile_Mintek;2927;31-12-2019 21:35;2;1;;
00805a43deaa8240000000;004D54B4;Average;SIGFOX_Chile_Mintek;2926;31-12-2019 21:23;1;0;;
00805c43ffc68240000000;004D54B4;Average;SIGFOX_Chile_Mintek;2925;31-12-2019 21:11;1;0;;
cdcc5f434cc78240000000;004D54B4;Average;SIGFOX_Chile_Mintek;2924;31-12-2019 20:59;1;0;;
33b36043b8fe8240000000;004D54B4;Limit;SIGFOX_Chile_Pilot Telefonica (temp);2923;31-12-2019 20:46;1;0;;
9a196043086f8340000000;004D54B4;Average;SIGFOX_Chile_Mintek;2922;31-12-2019 20:34;1;0;;
0080604306758340000000;004D54B4;Average;SIGFOX_Chile_Mintek;2921;31-12-2019 20:22;1;0;;
9a996043683a8340000000;004D54B4;Limit;SIGFOX_Chile_Mintek;2920;31-12-2019 20:13;1;0;;
00000000b6ca8140020200;004D54B4;Limit;SIGFOX_Chile_Mintek;2919;31-12-2019 20:10;1;0;;
00000000b19c8140020200;004D54B4;Average;SIGFOX_Chile_Mintek;2918;31-12-2019 19:58;1;0;;
0000000096018240020200;004D54B4;Average;SIGFOX_Chile_Mintek;2917;31-12-2019 19:51;1;0;;
33335f4371148240000000;004D54B4;Average;SIGFOX_Chile_Mintek;2916;31-12-2019 19:46;1;0;;
0000614339248240000000;004D54B4;Limit;SIGFOX_Chile_Mintek;2915;31-12-2019 19:34;1;0;;
cd4c5d43e47f8240000000;004D54B4;Average;SIGFOX_Chile_Mintek;2914;31-12-2019 19:22;1;0;;
9a996043a2c48240000000;004D54B4;Average;SIGFOX_Chile_Mintek;2913;31-12-2019 19:10;1;0;;
9a19604306518340000000;004D54B4;Average;SIGFOX_Chile_Mintek;2912;31-12-2019 18:58;1;0;;
66e65f43bc4d8340000000;004D54B4;Average;SIGFOX_Chile_Mintek;2911;31-12-2019 18:58;1;0;;
66665f437c5b8340000000;004D54B4;Average;SIGFOX_Chile_Mintek;2909;31-12-2019 18:47;2;1;;
33b35f433c588340000000;004D54B4;Average;SIGFOX_Chile_Mintek;2908;31-12-2019 18:47;1;0;;
00000000aaa78240020200;004D54B4;Average;SIGFOX_Chile_Mintek;2907;31-12-2019 18:46;1;0;;
00005e43b2408340000000;004D54B4;Average;SIGFOX_Chile_Mintek;2906;31-12-2019 18:36;1;0;;
3333604363eb8240000000;004D54B4;Average;SIGFOX_Chile_Mintek;2904;31-12-2019 18:13;2;1;;
0000000082fb7e40020200;004D54B4;Average;SIGFOX_Chile_Mintek;2903;31-12-2019 18:12;1;0;;
0000000096ae7f40020200;004D54B4;Average;SIGFOX_Chile_Mintek;2902;31-12-2019 17:59;1;0;;
0000000094ed7f40020200;004D54B4;Limit;SIGFOX_Chile_Mintek;2901;31-12-2019 17:52;1;0;;
33335e43b6328040000000;004D54B4;Average;SIGFOX_Chile_Mintek;2900;31-12-2019 17:47;1;0;;
66e65d43fa688040000000;004D54B4;Average;SIGFOX_Chile_Mintek;2899;31-12-2019 17:35;1;0;;
9a995d4370b68040000000;004D54B4;Limit;SIGFOX_Chile_Pilot Telefonica (temp);2898;31-12-2019 17:23;1;0;;
cdcc5b432e048140000000;004D54B4;Limit;SIGFOX_Chile_Mintek;2897;31-12-2019 17:11;1;0;;
00005e43d4668140000000;004D54B4;Average;SIGFOX_Chile_Mintek;2896;31-12-2019 16:59;1;0;;
33b35d43e89b8140000000;004D54B4;Average;SIGFOX_Chile_Mintek;2895;31-12-2019 16:47;1;0;;
cd4c5e43f0ee8140000000;004D54B4;Average;SIGFOX_Chile_Mintek;2894;31-12-2019 16:35;1;0;;
00805e43104d8240000000;004D54B4;Average;SIGFOX_Chile_Mintek;2893;31-12-2019 16:23;1;0;;
33335e4319948240000000;004D54B4;Average;SIGFOX_Chile_Mintek;2892;31-12-2019 16:11;1;0;;
00005f43c8448340000000;004D54B4;Average;SIGFOX_Chile_Mintek;2891;31-12-2019 15:59;1;0;;
33335f437d3c8340000000;004D54B4;Average;SIGFOX_Chile_Mintek;2890;31-12-2019 15:47;1;0;;
33335f43cc338340000000;004D54B4;Average;SIGFOX_Chile_Mintek;2889;31-12-2019 15:35;1;0;;
cdcc6043e8498340000000;004D54B4;Average;SIGFOX_Chile_Mintek;2888;31-12-2019 15:23;1;0;;
33b36043342c8340000000;004D54B4;Limit;SIGFOX_Chile_Mintek;2887;31-12-2019 15:11;1;0;;
66666043ee178340000000;004D54B4;Average;SIGFOX_Chile_Mintek;2886;31-12-2019 15:10;1;0;;
00000000b87c8040020200;004D54B4;Limit;SIGFOX_Chile_Mintek;2885;31-12-2019 14:59;1;0;;
0000604352ee8040000000;004D54B4;Limit;SIGFOX_Chile_Mintek;2883;31-12-2019 14:47;2;1;;
33b35f434a2e8140000000;004D54B4;Average;SIGFOX_Chile_Mintek;2882;31-12-2019 14:35;1;0;;
66665f43987c8140000000;004D54B4;Limit;SIGFOX_Chile_Pilot Telefonica (temp);2881;31-12-2019 14:23;1;0;;
33b35d43e2ac8140000000;004D54B4;Average;SIGFOX_Chile_Mintek;2880;31-12-2019 14:11;1;0;;
33b35e432c1c8240000000;004D54B4;Average;SIGFOX_Chile_Mintek;2879;31-12-2019 13:59;1;0;;
cd4c5f4386538240000000;004D54B4;Average;SIGFOX_Chile_Mintek;2878;31-12-2019 13:46;1;0;;
66e65b43b2f98240000000;004D54B4;Average;SIGFOX_Chile_Mintek;2877;31-12-2019 13:34;1;0;;
9a195f433c308340000000;004D54B4;Limit;SIGFOX_Chile_Pilot Telefonica (temp);2876;31-12-2019 13:22;1;0;;
00005f43d0598340000000;004D54B4;Average;SIGFOX_Chile_Mintek;2874;31-12-2019 13:10;2;1;;
00005f431a728340000000;004D54B4;Average;SIGFOX_Chile_Mintek;2873;31-12-2019 13:10;1;0;;
000000003cb08240020200;004D54B4;Limit;SIGFOX_Chile_Mintek;2872;31-12-2019 12:58;1;0;;
00000000e4e28240020200;004D54B4;Average;SIGFOX_Chile_Mintek;2871;31-12-2019 12:53;1;0;;
00805b430cc38240000000;004D54B4;Average;SIGFOX_Chile_Mintek;2870;31-12-2019 12:46;1;0;;
33b35f43bae28240000000;004D54B4;Average;SIGFOX_Chile_Mintek;2869;31-12-2019 12:34;1;0;;
66e65d4368ea8240000000;004D54B4;Average;SIGFOX_Chile_Mintek;2868;31-12-2019 12:22;1;0;;
00805e43d2df8240000000;004D54B4;Average;SIGFOX_Chile_Mintek;2867;31-12-2019 12:09;1;0;;
33335f43870d8340000000;004D54B4;Average;SIGFOX_Chile_Mintek;2866;31-12-2019 11:57;1;0;;
9a195a432cfc8240000000;004D54B4;Average;SIGFOX_Chile_Mintek;2865;31-12-2019 11:45;1;0;;
00005d43d67e8340000000;004D54B4;Average;SIGFOX_Chile_Mintek;2864;31-12-2019 11:33;1;0;;
9a995d43ed678340000000;004D54B4;Average;SIGFOX_Chile_Mintek;2863;31-12-2019 11:25;1;0;;
000000006ce98140020200;004D54B4;Average;SIGFOX_Chile_Mintek;2862;31-12-2019 11:21;1;0;;
0000000086508240020200;004D54B4;Average;SIGFOX_Chile_Mintek;2861;31-12-2019 11:09;1;0;;
00000000a4578240020200;004D54B4;Average;SIGFOX_Chile_Mintek;2860;31-12-2019 11:07;1;0;;
cdcc5e4380768240000000;004D54B4;Average;SIGFOX_Chile_Mintek;2859;31-12-2019 10:57;1;0;;
9a995f439b6b8240000000;004D54B4;Average;SIGFOX_Chile_Mintek;2858;31-12-2019 10:45;1;0;;
33b35f439e7d8240000000;004D54B4;Average;SIGFOX_Chile_Mintek;2857;31-12-2019 10:33;1;0;;
666660439f908240000000;004D54B4;Average;SIGFOX_Chile_Mintek;2856;31-12-2019 10:21;1;0;;
cdcc6043849d8240000000;004D54B4;Average;SIGFOX_Chile_Mintek;2855;31-12-2019 10:09;1;0;;
00005e4328ae8240000000;004D54B4;Average;SIGFOX_Chile_Mintek;2854;31-12-2019 9:57;1;0;;
9a195f430b998240000000;004D54B4;Average;SIGFOX_Chile_Mintek;2853;31-12-2019 9:45;1;0;;
33b35e437eb38240000000;004D54B4;Average;SIGFOX_Chile_Mintek;2852;31-12-2019 9:33;1;0;;
66665f431bbb8240000000;004D54B4;Average;SIGFOX_Chile_Mintek;2851;31-12-2019 9:21;1;0;;
cd4c6143b6de8240000000;004D54B4;Average;SIGFOX_Chile_Mintek;2850;31-12-2019 9:09;1;0;;
00806143b2dd8240000000;004D54B4;Average;SIGFOX_Chile_Mintek;2849;31-12-2019 8:57;1;0;;
33b36243eac38240000000;004D54B4;Average;SIGFOX_Chile_Mintek;2848;31-12-2019 8:45;1;0;;
33b3614394fe8240000000;004D54B4;Average;SIGFOX_Chile_Mintek;2847;31-12-2019 8:33;1;0;;
0000614319588340000000;004D54B4;Average;SIGFOX_Chile_Mintek;2846;31-12-2019 8:21;1;0;;
008062431e598340000000;004D54B4;Average;SIGFOX_Chile_Mintek;2845;31-12-2019 8:11;1;0;;
00000000ed758240020200;004D54B4;Average;SIGFOX_Chile_Mintek;2844;31-12-2019 8:09;1;0;;
0000000028508240020200;004D54B4;Average;SIGFOX_Chile_Mintek;2843;31-12-2019 7:57;1;0;;
00000000207b8240020200;004D54B4;Average;SIGFOX_Chile_Mintek;2842;31-12-2019 7:53;1;0;;
9a996243f8708240000000;004D54B4;Average;SIGFOX_Chile_Mintek;2841;31-12-2019 7:44;1;0;;
cd4c6343706e8240000000;004D54B4;Average;SIGFOX_Chile_Mintek;2840;31-12-2019 7:32;1;0;;
00006243e27f8240000000;004D54B4;Average;SIGFOX_Chile_Mintek;2839;31-12-2019 7:20;1;0;;
00006343686f8240000000;004D54B4;Average;SIGFOX_Chile_Mintek;2838;31-12-2019 7:08;1;0;;
cdcc634366cc8240000000;004D54B4;Average;SIGFOX_Chile_Mintek;2837;31-12-2019 6:56;1;0;;
cd4c6443c79d8240000000;004D54B4;Average;SIGFOX_Chile_Mintek;2836;31-12-2019 6:44;1;0;;
cdcc624346a18240000000;004D54B4;Average;SIGFOX_Chile_Mintek;2835;31-12-2019 6:32;1;0;;
33b3634396a48240000000;004D54B4;Average;SIGFOX_Chile_Mintek;2834;31-12-2019 6:20;1;0;;
3333634390ae8240000000;004D54B4;Average;SIGFOX_Chile_Mintek;2833;31-12-2019 6:08;1;0;;
66e6634342078340000000;004D54B4;Average;SIGFOX_Chile_Mintek;2832;31-12-2019 5:56;1;0;;
9a1964435bf78240000000;004D54B4;Average;SIGFOX_Chile_Mintek;2831;31-12-2019 5:44;1;0;;
9a196443cee78240000000;004D54B4;Average;SIGFOX_Chile_Mintek;2830;31-12-2019 5:32;1;0;;
66e66443144c8340000000;004D54B4;Average;SIGFOX_Chile_Mintek;2829;31-12-2019 5:20;1;0;;
333363431e618340000000;004D54B4;Average;SIGFOX_Chile_Mintek;2828;31-12-2019 5:11;1;0;;
00000000aa5b8240020200;004D54B4;Average;SIGFOX_Chile_Mintek;2827;31-12-2019 5:08;1;0;;
000000009e568240020200;004D54B4;Average;SIGFOX_Chile_Mintek;2826;31-12-2019 4:56;1;0;;
0000000088918240020200;004D54B4;Average;SIGFOX_Chile_Mintek;2825;31-12-2019 4:54;1;0;;
66e66343aea58240000000;004D54B4;Limit;SIGFOX_Chile_Mintek;2824;31-12-2019 4:44;1;0;;
333364431fc48240000000;004D54B4;Average;SIGFOX_Chile_Mintek;2823;31-12-2019 4:32;1;0;;
66e6634300ba8240000000;004D54B4;Average;SIGFOX_Chile_Mintek;2822;31-12-2019 4:20;1;0;;
cd4c64436cb98240000000;004D54B4;Average;SIGFOX_Chile_Mintek;2821;31-12-2019 4:08;1;0;;
33b36343d2ea8240000000;004D54B4;Average;SIGFOX_Chile_Mintek;2820;31-12-2019 3:56;1;0;;
9a196343ecf68240000000;004D54B4;Average;SIGFOX_Chile_Mintek;2819;31-12-2019 3:44;1;0;;
66e662435bf68240000000;004D54B4;Average;SIGFOX_Chile_Mintek;2818;31-12-2019 3:31;1;0;;
66666243c8628340000000;004D54B4;Average;SIGFOX_Chile_Mintek;2816;31-12-2019 3:11;2;1;;
00000000722c8240020200;004D54B4;Average;SIGFOX_Chile_Mintek;2815;31-12-2019 3:07;1;0;;
0000000054408240020200;004D54B4;Average;SIGFOX_Chile_Mintek;2814;31-12-2019 2:55;1;0;;
00000000e0548240020200;004D54B4;Average;SIGFOX_Chile_Mintek;2813;31-12-2019 2:53;1;0;;
cd4c61435d718240000000;004D54B4;Average;SIGFOX_Chile_Mintek;2812;31-12-2019 2:43;1;0;;
cd4c6243c38b8240000000;004D54B4;Average;SIGFOX_Chile_Mintek;2811;31-12-2019 2:31;1;0;;
008061437a838240000000;004D54B4;Average;SIGFOX_Chile_Mintek;2810;31-12-2019 2:19;1;0;;
00006143687b8240000000;004D54B4;Average;SIGFOX_Chile_Mintek;2809;31-12-2019 2:07;1;0;;
9a1964434c678240000000;004D54B4;Average;SIGFOX_Chile_Mintek;2808;31-12-2019 1:55;1;0;;
0000634353a98240000000;004D54B4;Average;SIGFOX_Chile_Mintek;2807;31-12-2019 1:43;1;0;;
00006343a7928240000000;004D54B4;Average;SIGFOX_Chile_Mintek;2806;31-12-2019 1:31;1;0;;
66e66243f6e38240000000;004D54B4;Average;SIGFOX_Chile_Mintek;2805;31-12-2019 1:19;1;0;;
9a196243d4df8240000000;004D54B4;Average;SIGFOX_Chile_Mintek;2804;31-12-2019 1:07;1;0;;
9a1960432cc68240000000;004D54B4;Average;SIGFOX_Chile_Mintek;2803;31-12-2019 0:55;1;0;;
cd4c5d4378d78240000000;004D54B4;Average;SIGFOX_Chile_Mintek;2802;31-12-2019 0:43;1;0;;
9a1961431efd8240000000;004D54B4;Average;SIGFOX_Chile_Mintek;2801;31-12-2019 0:31;1;0;;
00805f439f338340000000;004D54B4;Average;SIGFOX_Chile_Mintek;2800;31-12-2019 0:19;1;0;;
9a995e43ec5d8340000000;004D54B4;Average;SIGFOX_Chile_Mintek;2799;31-12-2019 0:13;1;0;;
0000000002eb8240020200;004D54B4;Average;SIGFOX_Chile_Mintek;2798;31-12-2019 0:07;1;0;;
000000009ef48240020200;004D54B4;Average;SIGFOX_Chile_Mintek;2797;30-12-2019 23:55;1;0;0;3
0000000028008340020200;004D54B4;Average;SIGFOX_Chile_Mintek;2796;30-12-2019 23:52;1;0;;
cdcc5f4374388340000000;004D54B4;Average;SIGFOX_Chile_Mintek;2795;30-12-2019 23:43;1;0;;
