Timestamp,Human readable date,Diferencia,Context
1582537873821,2020-02-24 06:51:13,3378.0,b'{}'
1582536971844,2020-02-24 06:36:11,3377.0,b'{}'
1582536069822,2020-02-24 06:21:09,3376.0,b'{}'
1582535167058,2020-02-24 06:06:07,3375.0,b'{}'
1582534263914,2020-02-24 05:51:03,3374.0,b'{}'
1582533361300,2020-02-24 05:36:01,3373.0,b'{}'
1582532458833,2020-02-24 05:20:58,3372.0,b'{}'
1582531556763,2020-02-24 05:05:56,3371.0,b'{}'
1582530654847,2020-02-24 04:50:54,3370.0,b'{}'
1582529752829,2020-02-24 04:35:52,3369.0,b'{}'
1582528850725,2020-02-24 04:20:50,3368.0,b'{}'
1582527947828,2020-02-24 04:05:47,3367.0,b'{}'
1582527044873,2020-02-24 03:50:44,3366.0,b'{}'
1582526142778,2020-02-24 03:35:42,3365.0,b'{}'
1582525239813,2020-02-24 03:20:39,3364.0,b'{}'
1582524337803,2020-02-24 03:05:37,3363.0,b'{}'
1582523435682,2020-02-24 02:50:35,3362.0,b'{}'
1582522532685,2020-02-24 02:35:32,3361.0,b'{}'
1582521631436,2020-02-24 02:20:31,3360.0,b'{}'
1582520727634,2020-02-24 02:05:27,3359.0,b'{}'
1582519824727,2020-02-24 01:50:24,3358.0,b'{}'
1582518922671,2020-02-24 01:35:22,3357.0,b'{}'
1582518020587,2020-02-24 01:20:20,3356.0,b'{}'
1582517124807,2020-02-24 01:05:24,3355.0,b'{}'
1582516217581,2020-02-24 00:50:17,3354.0,b'{}'
1582515313632,2020-02-24 00:35:13,3353.0,b'{}'
1582514409589,2020-02-24 00:20:09,3352.0,b'{}'
1582513594667,2020-02-24 00:06:34,3351.0,b'{}'
1582513256587,2020-02-24 00:00:56,3349.0,b'{}'
1582511744862,2020-02-23 23:35:44,3348.0,b'{}'
1582510838899,2020-02-23 23:20:38,3347.0,b'{}'
1582509938756,2020-02-23 23:05:38,3346.0,b'{}'
1582509034484,2020-02-23 22:50:34,3345.0,b'{}'
1582508130775,2020-02-23 22:35:30,3344.0,b'{}'
1582507227837,2020-02-23 22:20:27,3343.0,b'{}'
1582506326428,2020-02-23 22:05:26,3342.0,b'{}'
1582505422796,2020-02-23 21:50:22,3341.0,b'{}'
1582504520509,2020-02-23 21:35:20,3340.0,b'{}'
1582503618572,2020-02-23 21:20:18,3338.0,b'{}'
1582501812821,2020-02-23 20:50:12,3337.0,b'{}'
1582500910518,2020-02-23 20:35:10,3336.0,b'{}'
1582500008117,2020-02-23 20:20:08,3335.0,b'{}'
1582499104736,2020-02-23 20:05:04,3334.0,b'{}'
1582498851457,2020-02-23 20:00:51,3333.0,b'{}'
1582498270483,2020-02-23 19:51:10,3332.0,b'{}'
1582497367490,2020-02-23 19:36:07,3331.0,b'{}'
1582496465345,2020-02-23 19:21:05,3329.0,b'{}'
1582494659516,2020-02-23 18:50:59,3328.0,b'{}'
1582493756514,2020-02-23 18:35:56,3327.0,b'{}'
1582492854287,2020-02-23 18:20:54,3326.0,b'{}'
1582491950533,2020-02-23 18:05:50,3325.0,b'{}'
1582491048714,2020-02-23 17:50:48,3324.0,b'{}'
1582490144569,2020-02-23 17:35:44,3323.0,b'{}'
1582489245728,2020-02-23 17:20:45,3322.0,b'{}'
1582488339359,2020-02-23 17:05:39,3321.0,b'{}'
1582487437298,2020-02-23 16:50:37,3320.0,b'{}'
1582486533590,2020-02-23 16:35:33,3319.0,b'{}'
1582485630379,2020-02-23 16:20:30,3318.0,b'{}'
1582484727833,2020-02-23 16:05:27,3317.0,b'{}'
1582483824610,2020-02-23 15:50:24,3316.0,b'{}'
1582482921384,2020-02-23 15:35:21,3315.0,b'{}'
1582482018588,2020-02-23 15:20:18,3314.0,b'{}'
1582481117113,2020-02-23 15:05:17,3313.0,b'{}'
1582480214171,2020-02-23 14:50:14,3312.0,b'{}'
1582479310534,2020-02-23 14:35:10,3311.0,b'{}'
1582478408275,2020-02-23 14:20:08,3310.0,b'{}'
1582477506790,2020-02-23 14:05:06,3309.0,b'{}'
1582477250603,2020-02-23 14:00:50,3308.0,b'{}'
1582476635259,2020-02-23 13:50:35,3307.0,b'{}'
1582475733750,2020-02-23 13:35:33,3306.0,b'{}'
1582474829740,2020-02-23 13:20:29,3305.0,b'{}'
1582473926373,2020-02-23 13:05:26,3304.0,b'{}'
1582473023181,2020-02-23 12:50:23,3303.0,b'{}'
1582472123582,2020-02-23 12:35:23,3302.0,b'{}'
1582471220868,2020-02-23 12:20:20,3301.0,b'{}'
1582470317202,2020-02-23 12:05:17,3300.0,b'{}'
1582469414112,2020-02-23 11:50:14,3299.0,b'{}'
1582468512933,2020-02-23 11:35:12,3298.0,b'{}'
1582467608250,2020-02-23 11:20:08,3297.0,b'{}'
1582466706279,2020-02-23 11:05:06,3296.0,b'{}'
1582466449056,2020-02-23 11:00:49,3295.0,b'{}'
1582465825326,2020-02-23 10:50:25,3294.0,b'{}'
1582464922328,2020-02-23 10:35:22,3293.0,b'{}'
1582464021017,2020-02-23 10:20:21,3292.0,b'{}'
1582463117186,2020-02-23 10:05:17,3291.0,b'{}'
1582462214283,2020-02-23 09:50:14,3290.0,b'{}'
1582461311259,2020-02-23 09:35:11,3289.0,b'{}'
1582460408291,2020-02-23 09:20:08,3288.0,b'{}'
1582459505958,2020-02-23 09:05:05,3287.0,b'{}'
1582459252951,2020-02-23 09:00:52,3286.0,b'{}'
1582458676085,2020-02-23 08:51:16,3285.0,b'{}'
1582457773889,2020-02-23 08:36:13,3284.0,b'{}'
1582456871081,2020-02-23 08:21:11,3283.0,b'{}'
1582455969041,2020-02-23 08:06:09,3282.0,b'{}'
1582455066173,2020-02-23 07:51:06,3281.0,b'{}'
1582454164195,2020-02-23 07:36:04,3280.0,b'{}'
1582453262087,2020-02-23 07:21:02,3279.0,b'{}'
1582452359090,2020-02-23 07:05:59,3278.0,b'{}'
1582451456027,2020-02-23 06:50:56,3277.0,b'{}'
1582450553970,2020-02-23 06:35:53,3276.0,b'{}'
1582449651255,2020-02-23 06:20:51,3275.0,b'{}'
1582448748957,2020-02-23 06:05:48,3274.0,b'{}'
1582447846066,2020-02-23 05:50:46,3273.0,b'{}'
1582446943191,2020-02-23 05:35:43,3272.0,b'{}'
1582446040096,2020-02-23 05:20:40,3271.0,b'{}'
1582445137093,2020-02-23 05:05:37,3270.0,b'{}'
1582444235025,2020-02-23 04:50:35,3269.0,b'{}'
1582443331936,2020-02-23 04:35:31,3268.0,b'{}'
1582442430162,2020-02-23 04:20:30,3267.0,b'{}'
1582441527199,2020-02-23 04:05:27,3266.0,b'{}'
1582440624964,2020-02-23 03:50:24,3265.0,b'{}'
1582439722026,2020-02-23 03:35:22,3264.0,b'{}'
1582438819215,2020-02-23 03:20:19,3263.0,b'{}'
1582437916970,2020-02-23 03:05:16,3262.0,b'{}'
1582437016534,2020-02-23 02:50:16,3261.0,b'{}'
1582436112964,2020-02-23 02:35:12,3260.0,b'{}'
1582435209906,2020-02-23 02:20:09,3259.0,b'{}'
1582434307471,2020-02-23 02:05:07,3258.0,b'{}'
1582434053971,2020-02-23 02:00:53,3257.0,b'{}'
1582433465962,2020-02-23 01:51:05,3256.0,b'{}'
1582432562977,2020-02-23 01:36:02,3255.0,b'{}'
1582431659839,2020-02-23 01:20:59,3254.0,b'{}'
1582430757906,2020-02-23 01:05:57,3253.0,b'{}'
1582429854870,2020-02-23 00:50:54,3252.0,b'{}'
1582428951941,2020-02-23 00:35:51,3251.0,b'{}'
1582428048876,2020-02-23 00:20:48,3250.0,b'{}'
1582427145954,2020-02-23 00:05:45,3249.0,b'{}'
1582426244779,2020-02-22 23:50:44,3248.0,b'{}'
1582425341106,2020-02-22 23:35:41,3247.0,b'{}'
1582424437774,2020-02-22 23:20:37,3246.0,b'{}'
1582423535974,2020-02-22 23:05:35,3245.0,b'{}'
1582422632957,2020-02-22 22:50:32,3244.0,b'{}'
1582421731166,2020-02-22 22:35:31,3243.0,b'{}'
1582420828930,2020-02-22 22:20:28,3242.0,b'{}'
1582419926048,2020-02-22 22:05:26,3241.0,b'{}'
1582419022993,2020-02-22 21:50:22,3240.0,b'{}'
1582418122619,2020-02-22 21:35:22,3239.0,b'{}'
1582417220054,2020-02-22 21:20:20,3238.0,b'{}'
1582416315798,2020-02-22 21:05:15,3237.0,b'{}'
1582415413923,2020-02-22 20:50:13,3236.0,b'{}'
1582414510856,2020-02-22 20:35:10,3235.0,b'{}'
1582413608832,2020-02-22 20:20:08,3234.0,b'{}'
1582412706009,2020-02-22 20:05:06,3233.0,b'{}'
1582412446875,2020-02-22 20:00:46,3232.0,b'{}'
1582411880748,2020-02-22 19:51:20,3231.0,b'{}'
1582410979124,2020-02-22 19:36:19,3230.0,b'{}'
1582410074880,2020-02-22 19:21:14,3229.0,b'{}'
1582409174347,2020-02-22 19:06:14,3228.0,b'{}'
1582408269955,2020-02-22 18:51:09,3227.0,b'{}'
1582407367077,2020-02-22 18:36:07,3226.0,b'{}'
1582406464048,2020-02-22 18:21:04,3225.0,b'{}'
1582405561530,2020-02-22 18:06:01,3224.0,b'{}'
1582404657753,2020-02-22 17:50:57,3223.0,b'{}'
1582403755537,2020-02-22 17:35:55,3222.0,b'{}'
1582402852679,2020-02-22 17:20:52,3221.0,b'{}'
1582401950692,2020-02-22 17:05:50,3220.0,b'{}'
1582401048466,2020-02-22 16:50:48,3219.0,b'{}'
1582400146515,2020-02-22 16:35:46,3218.0,b'{}'
1582399242576,2020-02-22 16:20:42,3217.0,b'{}'
1582398340510,2020-02-22 16:05:40,3216.0,b'{}'
1582397439891,2020-02-22 15:50:39,3215.0,b'{}'
1582396535577,2020-02-22 15:35:35,3214.0,b'{}'
1582395632648,2020-02-22 15:20:32,3213.0,b'{}'
1582394730421,2020-02-22 15:05:30,3212.0,b'{}'
1582393826443,2020-02-22 14:50:26,3211.0,b'{}'
1582392924220,2020-02-22 14:35:24,3210.0,b'{}'
1582392021446,2020-02-22 14:20:21,3209.0,b'{}'
1582391118563,2020-02-22 14:05:18,3208.0,b'{}'
1582390215749,2020-02-22 13:50:15,3207.0,b'{}'
1582389314459,2020-02-22 13:35:14,3206.0,b'{}'
1582388411726,2020-02-22 13:20:11,3205.0,b'{}'
1582387509694,2020-02-22 13:05:09,3204.0,b'{}'
1582387252092,2020-02-22 13:00:52,3203.0,b'{}'
1582386671756,2020-02-22 12:51:11,3202.0,b'{}'
1582385770375,2020-02-22 12:36:10,3200.0,b'{}'
1582383971141,2020-02-22 12:06:11,3199.0,b'{}'
1582383068669,2020-02-22 11:51:08,3198.0,b'{}'
1582382164461,2020-02-22 11:36:04,3197.0,b'{}'
1582381257477,2020-02-22 11:20:57,3196.0,b'{}'
1582380354586,2020-02-22 11:05:54,3195.0,b'{}'
1582379451538,2020-02-22 10:50:51,3193.0,b'{}'
1582377647217,2020-02-22 10:20:47,3192.0,b'{}'
1582376743401,2020-02-22 10:05:43,3191.0,b'{}'
1582375841346,2020-02-22 09:50:41,3190.0,b'{}'
1582374939350,2020-02-22 09:35:39,3189.0,b'{}'
1582374036344,2020-02-22 09:20:36,3188.0,b'{}'
1582373133354,2020-02-22 09:05:33,3187.0,b'{}'
1582372231378,2020-02-22 08:50:31,3186.0,b'{}'
1582371329269,2020-02-22 08:35:29,3185.0,b'{}'
1582370427110,2020-02-22 08:20:27,3184.0,b'{}'
1582369523397,2020-02-22 08:05:23,3183.0,b'{}'
1582368621484,2020-02-22 07:50:21,3182.0,b'{}'
1582367719359,2020-02-22 07:35:19,3181.0,b'{}'
1582366816541,2020-02-22 07:20:16,3180.0,b'{}'
1582365913370,2020-02-22 07:05:13,3179.0,b'{}'
1582365011291,2020-02-22 06:50:11,3178.0,b'{}'
1582364110267,2020-02-22 06:35:10,3177.0,b'{}'
1582363207478,2020-02-22 06:20:07,3176.0,b'{}'
1582362306238,2020-02-22 06:05:06,3175.0,b'{}'
1582362051425,2020-02-22 06:00:51,3174.0,b'{}'
1582361426307,2020-02-22 05:50:26,3173.0,b'{}'
1582360523750,2020-02-22 05:35:23,3172.0,b'{}'
1582359621288,2020-02-22 05:20:21,3171.0,b'{}'
1582358717654,2020-02-22 05:05:17,3170.0,b'{}'
1582357815462,2020-02-22 04:50:15,3169.0,b'{}'
1582356913229,2020-02-22 04:35:13,3168.0,b'{}'
1582356010317,2020-02-22 04:20:10,3167.0,b'{}'
1582355107531,2020-02-22 04:05:07,3166.0,b'{}'
1582354853403,2020-02-22 04:00:53,3165.0,b'{}'
1582354214291,2020-02-22 03:50:14,3164.0,b'{}'
1582353311355,2020-02-22 03:35:11,3163.0,b'{}'
1582352409186,2020-02-22 03:20:09,3162.0,b'{}'
1582351505933,2020-02-22 03:05:05,3161.0,b'{}'
1582351250528,2020-02-22 03:00:50,3160.0,b'{}'
1582350685248,2020-02-22 02:51:25,3159.0,b'{}'
1582349783111,2020-02-22 02:36:23,3158.0,b'{}'
1582348881172,2020-02-22 02:21:21,3157.0,b'{}'
1582347979947,2020-02-22 02:06:19,3156.0,b'{}'
1582347076160,2020-02-22 01:51:16,3155.0,b'{}'
1582346173307,2020-02-22 01:36:13,3154.0,b'{}'
1582345270182,2020-02-22 01:21:10,3153.0,b'{}'
1582344367277,2020-02-22 01:06:07,3152.0,b'{}'
1582343464182,2020-02-22 00:51:04,3151.0,b'{}'
1582342563026,2020-02-22 00:36:03,3150.0,b'{}'
1582341659122,2020-02-22 00:20:59,3149.0,b'{}'
1582340757023,2020-02-22 00:05:57,3148.0,b'{}'
1582339854121,2020-02-21 23:50:54,3147.0,b'{}'
1582338951976,2020-02-21 23:35:51,3146.0,b'{}'
1582338048935,2020-02-21 23:20:48,3145.0,b'{}'
1582337147062,2020-02-21 23:05:47,3144.0,b'{}'
1582336245172,2020-02-21 22:50:45,3143.0,b'{}'
1582335342794,2020-02-21 22:35:42,3142.0,b'{}'
1582334439028,2020-02-21 22:20:39,3141.0,b'{}'
1582333537071,2020-02-21 22:05:37,3140.0,b'{}'
1582332634446,2020-02-21 21:50:34,3139.0,b'{}'
1582331732920,2020-02-21 21:35:32,3138.0,b'{}'
1582330829175,2020-02-21 21:20:29,3137.0,b'{}'
1582329929824,2020-02-21 21:05:29,3136.0,b'{}'
1582329024103,2020-02-21 20:50:24,3135.0,b'{}'
1582328121097,2020-02-21 20:35:21,3134.0,b'{}'
1582327220800,2020-02-21 20:20:20,3133.0,b'{}'
1582326316285,2020-02-21 20:05:16,3132.0,b'{}'
1582325412034,2020-02-21 19:50:12,3131.0,b'{}'
1582324511226,2020-02-21 19:35:11,3130.0,b'{}'
1582323607839,2020-02-21 19:20:07,3129.0,b'{}'
1582322705332,2020-02-21 19:05:05,3128.0,b'{}'
1582322447839,2020-02-21 19:00:47,3127.0,b'{}'
1582321879869,2020-02-21 18:51:19,3126.0,b'{}'
1582320975812,2020-02-21 18:36:15,3125.0,b'{}'
1582320073825,2020-02-21 18:21:13,3124.0,b'{}'
1582319172796,2020-02-21 18:06:12,3123.0,b'{}'
1582318268027,2020-02-21 17:51:08,3122.0,b'{}'
1582317366696,2020-02-21 17:36:06,3121.0,b'{}'
1582316463671,2020-02-21 17:21:03,3120.0,b'{}'
1582315561800,2020-02-21 17:06:01,3118.0,b'{}'
1582313753930,2020-02-21 16:35:53,3117.0,b'{}'
1582312851818,2020-02-21 16:20:51,3116.0,b'{}'
1582311950170,2020-02-21 16:05:50,3115.0,b'{}'
1582311046948,2020-02-21 15:50:46,3114.0,b'{}'
1582310145693,2020-02-21 15:35:45,3113.0,b'{}'
1582309243103,2020-02-21 15:20:43,3112.0,b'{}'
1582308339144,2020-02-21 15:05:39,3111.0,b'{}'
1582307437117,2020-02-21 14:50:37,3110.0,b'{}'
1582306534573,2020-02-21 14:35:34,3109.0,b'{}'
1582305630876,2020-02-21 14:20:30,3108.0,b'{}'
1582304729539,2020-02-21 14:05:29,3107.0,b'{}'
1582303826746,2020-02-21 13:50:26,3106.0,b'{}'
1582302922725,2020-02-21 13:35:22,3105.0,b'{}'
1582302020666,2020-02-21 13:20:20,3104.0,b'{}'
1582301117906,2020-02-21 13:05:17,3103.0,b'{}'
1582300215682,2020-02-21 12:50:15,3102.0,b'{}'
1582299311655,2020-02-21 12:35:11,3101.0,b'{}'
1582298408676,2020-02-21 12:20:08,3100.0,b'{}'
1582297510795,2020-02-21 12:05:10,3099.0,b'{}'
1582297257560,2020-02-21 12:00:57,3097.0,b'{}'
1582295742670,2020-02-21 11:35:42,3096.0,b'{}'
1582294839733,2020-02-21 11:20:39,3095.0,b'{}'
1582293939135,2020-02-21 11:05:39,3094.0,b'{}'
1582293033702,2020-02-21 10:50:33,3093.0,b'{}'
1582292131787,2020-02-21 10:35:31,3092.0,b'{}'
1582291228966,2020-02-21 10:20:28,3091.0,b'{}'
1582290396656,2020-02-21 10:06:36,3090.0,b'{}'
1582289424582,2020-02-21 09:50:24,3089.0,b'{}'
1582288522833,2020-02-21 09:35:22,3088.0,b'{}'
1582287620427,2020-02-21 09:20:20,3087.0,b'{}'
1582286716695,2020-02-21 09:05:16,3086.0,b'{}'
1582285813739,2020-02-21 08:50:13,3085.0,b'{}'
1582284911679,2020-02-21 08:35:11,3084.0,b'{}'
1582284008736,2020-02-21 08:20:08,3083.0,b'{}'
1582283105845,2020-02-21 08:05:05,3082.0,b'{}'
1582282850950,2020-02-21 08:00:50,3081.0,b'{}'
1582282214763,2020-02-21 07:50:14,3080.0,b'{}'
1582281311711,2020-02-21 07:35:11,3079.0,b'{}'
1582280408569,2020-02-21 07:20:08,3078.0,b'{}'
1582279506341,2020-02-21 07:05:06,3077.0,b'{}'
1582279254387,2020-02-21 07:00:54,3076.0,b'{}'
1582278633622,2020-02-21 06:50:33,3075.0,b'{}'
1582277730734,2020-02-21 06:35:30,3074.0,b'{}'
1582276828439,2020-02-21 06:20:28,3073.0,b'{}'
1582275925515,2020-02-21 06:05:25,3072.0,b'{}'
1582275023583,2020-02-21 05:50:23,3071.0,b'{}'
1582274122402,2020-02-21 05:35:22,3070.0,b'{}'
1582273219472,2020-02-21 05:20:19,3069.0,b'{}'
1582272316537,2020-02-21 05:05:16,3068.0,b'{}'
1582271415940,2020-02-21 04:50:15,3067.0,b'{}'
1582270513423,2020-02-21 04:35:13,3066.0,b'{}'
1582269609764,2020-02-21 04:20:09,3065.0,b'{}'
1582268707531,2020-02-21 04:05:07,3064.0,b'{}'
1582268449579,2020-02-21 04:00:49,3063.0,b'{}'
1582267857092,2020-02-21 03:50:57,3062.0,b'{}'
1582266955289,2020-02-21 03:35:55,3061.0,b'{}'
1582266052032,2020-02-21 03:20:52,3060.0,b'{}'
1582265148580,2020-02-21 03:05:48,3059.0,b'{}'
1582264245582,2020-02-21 02:50:45,3058.0,b'{}'
1582263342384,2020-02-21 02:35:42,3057.0,b'{}'
1582262440373,2020-02-21 02:20:40,3056.0,b'{}'
1582261538464,2020-02-21 02:05:38,3055.0,b'{}'
1582260635526,2020-02-21 01:50:35,3054.0,b'{}'
1582259733329,2020-02-21 01:35:33,3053.0,b'{}'
1582258831134,2020-02-21 01:20:31,3052.0,b'{}'
1582257927351,2020-02-21 01:05:27,3051.0,b'{}'
1582257024347,2020-02-21 00:50:24,3050.0,b'{}'
1582256122373,2020-02-21 00:35:22,3049.0,b'{}'
1582255219856,2020-02-21 00:20:19,3048.0,b'{}'
1582254317184,2020-02-21 00:05:17,3047.0,b'{}'
1582253414355,2020-02-20 23:50:14,3046.0,b'{}'
1582252510609,2020-02-20 23:35:10,3045.0,b'{}'
1582251607446,2020-02-20 23:20:07,3044.0,b'{}'
1582250704598,2020-02-20 23:05:04,3043.0,b'{}'
1582250450494,2020-02-20 23:00:50,3042.0,b'{}'
1582249888428,2020-02-20 22:51:28,3041.0,b'{}'
1582248986398,2020-02-20 22:36:26,3040.0,b'{}'
1582248084434,2020-02-20 22:21:24,3039.0,b'{}'
1582247182297,2020-02-20 22:06:22,3038.0,b'{}'
1582246280305,2020-02-20 21:51:20,3037.0,b'{}'
1582245378453,2020-02-20 21:36:18,3036.0,b'{}'
1582244478416,2020-02-20 21:21:18,3034.0,b'{}'
1582242672275,2020-02-20 20:51:12,3033.0,b'{}'
1582241769278,2020-02-20 20:36:09,3032.0,b'{}'
1582240866316,2020-02-20 20:21:06,3031.0,b'{}'
1582239963593,2020-02-20 20:06:03,3030.0,b'{}'
1582239061317,2020-02-20 19:51:01,3029.0,b'{}'
1582238160116,2020-02-20 19:36:00,3028.0,b'{}'
1582237256827,2020-02-20 19:20:56,3027.0,b'{}'
1582236354933,2020-02-20 19:05:54,3026.0,b'{}'
1582235452370,2020-02-20 18:50:52,3025.0,b'{}'
1582234550205,2020-02-20 18:35:50,3024.0,b'{}'
1582233647169,2020-02-20 18:20:47,3023.0,b'{}'
1582232744188,2020-02-20 18:05:44,3022.0,b'{}'
1582231841443,2020-02-20 17:50:41,3021.0,b'{}'
1582230938153,2020-02-20 17:35:38,3020.0,b'{}'
1582230037054,2020-02-20 17:20:37,3019.0,b'{}'
1582229134010,2020-02-20 17:05:34,3018.0,b'{}'
1582228231126,2020-02-20 16:50:31,3017.0,b'{}'
1582227329166,2020-02-20 16:35:29,3016.0,b'{}'
1582226426275,2020-02-20 16:20:26,3015.0,b'{}'
1582225523051,2020-02-20 16:05:23,3014.0,b'{}'
1582224620196,2020-02-20 15:50:20,3013.0,b'{}'
1582223719788,2020-02-20 15:35:19,3012.0,b'{}'
1582222815234,2020-02-20 15:20:15,3011.0,b'{}'
1582221913288,2020-02-20 15:05:13,3010.0,b'{}'
1582221011554,2020-02-20 14:50:11,3009.0,b'{}'
1582220108827,2020-02-20 14:35:08,3008.0,b'{}'
1582219206211,2020-02-20 14:20:06,3007.0,b'{}'
1582218304986,2020-02-20 14:05:04,3006.0,b'{}'
1582218049053,2020-02-20 14:00:49,3005.0,b'{}'
1582217432901,2020-02-20 13:50:32,3004.0,b'{}'
1582216529093,2020-02-20 13:35:29,3003.0,b'{}'
1582215626184,2020-02-20 13:20:26,3002.0,b'{}'
1582214724027,2020-02-20 13:05:24,3001.0,b'{}'
1582213821939,2020-02-20 12:50:21,3000.0,b'{}'
1582212917953,2020-02-20 12:35:17,2999.0,b'{}'
1582212015971,2020-02-20 12:20:15,2998.0,b'{}'
1582211112991,2020-02-20 12:05:12,2997.0,b'{}'
1582210211049,2020-02-20 11:50:11,2996.0,b'{}'
1582209308991,2020-02-20 11:35:08,2995.0,b'{}'
1582208407066,2020-02-20 11:20:07,2994.0,b'{}'
1582207504434,2020-02-20 11:05:04,2993.0,b'{}'
1582207250515,2020-02-20 11:00:50,2992.0,b'{}'
1582206632000,2020-02-20 10:50:32,2991.0,b'{}'
1582205730782,2020-02-20 10:35:30,2990.0,b'{}'
1582204826877,2020-02-20 10:20:26,2989.0,b'{}'
1582203925404,2020-02-20 10:05:25,2988.0,b'{}'
1582203023042,2020-02-20 09:50:23,2987.0,b'{}'
1582202119911,2020-02-20 09:35:19,2986.0,b'{}'
1582201216914,2020-02-20 09:20:16,2985.0,b'{}'
1582200314905,2020-02-20 09:05:14,2984.0,b'{}'
1582199411954,2020-02-20 08:50:11,2983.0,b'{}'
1582198509834,2020-02-20 08:35:09,2982.0,b'{}'
1582197607902,2020-02-20 08:20:07,2981.0,b'{}'
1582196705643,2020-02-20 08:05:05,2980.0,b'{}'
1582196451192,2020-02-20 08:00:51,2979.0,b'{}'
1582195885888,2020-02-20 07:51:25,2978.0,b'{}'
1582194983879,2020-02-20 07:36:23,2977.0,b'{}'
1582194081256,2020-02-20 07:21:21,2976.0,b'{}'
1582193178699,2020-02-20 07:06:18,2975.0,b'{}'
1582192274942,2020-02-20 06:51:14,2974.0,b'{}'
1582191371798,2020-02-20 06:36:11,2973.0,b'{}'
1582190470068,2020-02-20 06:21:10,2972.0,b'{}'
1582189566878,2020-02-20 06:06:06,2971.0,b'{}'
1582188664168,2020-02-20 05:51:04,2970.0,b'{}'
1582187760956,2020-02-20 05:36:00,2969.0,b'{}'
1582186859665,2020-02-20 05:20:59,2968.0,b'{}'
1582185956798,2020-02-20 05:05:56,2967.0,b'{}'
1582185055592,2020-02-20 04:50:55,2966.0,b'{}'
1582184150817,2020-02-20 04:35:50,2965.0,b'{}'
1582183249647,2020-02-20 04:20:49,2964.0,b'{}'
1582182345858,2020-02-20 04:05:45,2963.0,b'{}'
1582181443721,2020-02-20 03:50:43,2962.0,b'{}'
1582180540943,2020-02-20 03:35:40,2961.0,b'{}'
1582179639559,2020-02-20 03:20:39,2960.0,b'{}'
1582178736757,2020-02-20 03:05:36,2959.0,b'{}'
1582177834798,2020-02-20 02:50:34,2958.0,b'{}'
1582176932709,2020-02-20 02:35:32,2957.0,b'{}'
1582176029833,2020-02-20 02:20:29,2956.0,b'{}'
1582175127853,2020-02-20 02:05:27,2955.0,b'{}'
1582174224811,2020-02-20 01:50:24,2954.0,b'{}'
1582173321761,2020-02-20 01:35:21,2953.0,b'{}'
1582172419800,2020-02-20 01:20:19,2952.0,b'{}'
1582171516772,2020-02-20 01:05:16,2951.0,b'{}'
1582170615617,2020-02-20 00:50:15,2950.0,b'{}'
1582169712669,2020-02-20 00:35:12,2949.0,b'{}'
1582168809742,2020-02-20 00:20:09,2948.0,b'{}'
1582167907425,2020-02-20 00:05:07,2947.0,b'{}'
1582167649690,2020-02-20 00:00:49,2946.0,b'{}'
1582167116704,2020-02-19 23:51:56,2945.0,b'{}'
1582166213837,2020-02-19 23:36:53,2944.0,b'{}'
1582165311893,2020-02-19 23:21:51,2943.0,b'{}'
1582164409646,2020-02-19 23:06:49,2942.0,b'{}'
1582163506719,2020-02-19 22:51:46,2941.0,b'{}'
1582162604703,2020-02-19 22:36:44,2940.0,b'{}'
1582161700671,2020-02-19 22:21:40,2939.0,b'{}'
1582160798575,2020-02-19 22:06:38,2938.0,b'{}'
1582159896641,2020-02-19 21:51:36,2937.0,b'{}'
1582158994741,2020-02-19 21:36:34,2936.0,b'{}'
1582158091582,2020-02-19 21:21:31,2935.0,b'{}'
1582157190323,2020-02-19 21:06:30,2934.0,b'{}'
1582156286705,2020-02-19 20:51:26,2933.0,b'{}'
1582155383455,2020-02-19 20:36:23,2932.0,b'{}'
1582154481751,2020-02-19 20:21:21,2931.0,b'{}'
1582153580312,2020-02-19 20:06:20,2930.0,b'{}'
1582152676620,2020-02-19 19:51:16,2929.0,b'{}'
1582151773667,2020-02-19 19:36:13,2928.0,b'{}'
1582150872371,2020-02-19 19:21:12,2927.0,b'{}'
1582149968780,2020-02-19 19:06:08,2926.0,b'{}'
1582149064612,2020-02-19 18:51:04,2925.0,b'{}'
1582148161460,2020-02-19 18:36:01,2924.0,b'{}'
1582147258642,2020-02-19 18:20:58,2923.0,b'{}'
1582146355737,2020-02-19 18:05:55,2922.0,b'{}'
1582145655550,2020-02-19 17:54:15,2921.0,b'{}'
1582144550663,2020-02-19 17:35:50,2920.0,b'{}'
1582143649199,2020-02-19 17:20:49,2919.0,b'{}'
1582142746423,2020-02-19 17:05:46,2918.0,b'{}'
1582141842523,2020-02-19 16:50:42,2917.0,b'{}'
1582140941143,2020-02-19 16:35:41,2916.0,b'{}'
1582140037551,2020-02-19 16:20:37,2914.0,b'{}'
1582138232379,2020-02-19 15:50:32,2913.0,b'{}'
1582137331591,2020-02-19 15:35:31,2912.0,b'{}'
1582136427518,2020-02-19 15:20:27,2911.0,b'{}'
1582135526451,2020-02-19 15:05:26,2910.0,b'{}'
1582134623483,2020-02-19 14:50:23,2909.0,b'{}'
1582133722241,2020-02-19 14:35:22,2908.0,b'{}'
1582132818417,2020-02-19 14:20:18,2907.0,b'{}'
1582131915573,2020-02-19 14:05:15,2906.0,b'{}'
1582131014293,2020-02-19 13:50:14,2905.0,b'{}'
1582130110430,2020-02-19 13:35:10,2904.0,b'{}'
1582129207582,2020-02-19 13:20:07,2903.0,b'{}'
1582128304862,2020-02-19 13:05:04,2902.0,b'{}'
1582128049877,2020-02-19 13:00:49,2901.0,b'{}'
1582127414516,2020-02-19 12:50:14,2900.0,b'{}'
1582126511323,2020-02-19 12:35:11,2899.0,b'{}'
1582125609608,2020-02-19 12:20:09,2898.0,b'{}'
1582124706782,2020-02-19 12:05:06,2897.0,b'{}'
1582124478694,2020-02-19 12:01:18,2896.0,b'{}'
1582123868341,2020-02-19 11:51:08,2895.0,b'{}'
1582122966233,2020-02-19 11:36:06,2894.0,b'{}'
1582122062303,2020-02-19 11:21:02,2893.0,b'{}'
1582121160320,2020-02-19 11:06:00,2892.0,b'{}'
1582120256303,2020-02-19 10:50:56,2891.0,b'{}'
1582119354296,2020-02-19 10:35:54,2890.0,b'{}'
1582118452249,2020-02-19 10:20:52,2889.0,b'{}'
1582117548372,2020-02-19 10:05:48,2888.0,b'{}'
1582116646611,2020-02-19 09:50:46,2887.0,b'{}'
1582115742529,2020-02-19 09:35:42,2886.0,b'{}'
1582114840276,2020-02-19 09:20:40,2885.0,b'{}'
1582113938226,2020-02-19 09:05:38,2884.0,b'{}'
1582113036294,2020-02-19 08:50:36,2883.0,b'{}'
1582112135102,2020-02-19 08:35:35,2882.0,b'{}'
1582111232179,2020-02-19 08:20:32,2881.0,b'{}'
1582110329168,2020-02-19 08:05:29,2880.0,b'{}'
1582109427188,2020-02-19 07:50:27,2879.0,b'{}'
1582108524378,2020-02-19 07:35:24,2878.0,b'{}'
1582107621379,2020-02-19 07:20:21,2877.0,b'{}'
1582106718120,2020-02-19 07:05:18,2876.0,b'{}'
1582105816338,2020-02-19 06:50:16,2875.0,b'{}'
1582104913262,2020-02-19 06:35:13,2874.0,b'{}'
1582104010216,2020-02-19 06:20:10,2873.0,b'{}'
1582103107335,2020-02-19 06:05:07,2872.0,b'{}'
1582102851665,2020-02-19 06:00:51,2871.0,b'{}'
1582102215256,2020-02-19 05:50:15,2870.0,b'{}'
1582101312323,2020-02-19 05:35:12,2869.0,b'{}'
1582100410230,2020-02-19 05:20:10,2868.0,b'{}'
1582099507291,2020-02-19 05:05:07,2867.0,b'{}'
1582099251795,2020-02-19 05:00:51,2866.0,b'{}'
1582098651488,2020-02-19 04:50:51,2865.0,b'{}'
1582097748156,2020-02-19 04:35:48,2864.0,b'{}'
1582096845324,2020-02-19 04:20:45,2863.0,b'{}'
1582095942364,2020-02-19 04:05:42,2862.0,b'{}'
1582095040031,2020-02-19 03:50:40,2861.0,b'{}'
1582094138042,2020-02-19 03:35:38,2860.0,b'{}'
1582093236300,2020-02-19 03:20:36,2859.0,b'{}'
1582092333235,2020-02-19 03:05:33,2858.0,b'{}'
1582091431144,2020-02-19 02:50:31,2857.0,b'{}'
1582090529003,2020-02-19 02:35:29,2856.0,b'{}'
1582089626034,2020-02-19 02:20:26,2855.0,b'{}'
1582088724106,2020-02-19 02:05:24,2854.0,b'{}'
1582087822059,2020-02-19 01:50:22,2853.0,b'{}'
1582086920144,2020-02-19 01:35:20,2852.0,b'{}'
1582086018030,2020-02-19 01:20:18,2851.0,b'{}'
1582085117064,2020-02-19 01:05:17,2850.0,b'{}'
1582084214059,2020-02-19 00:50:14,2849.0,b'{}'
1582083312055,2020-02-19 00:35:12,2848.0,b'{}'
1582082409066,2020-02-19 00:20:09,2847.0,b'{}'
1582081506377,2020-02-19 00:05:06,2846.0,b'{}'
1582081255380,2020-02-19 00:00:55,2845.0,b'{}'
1582080615247,2020-02-18 23:50:15,2844.0,b'{}'
1582079712198,2020-02-18 23:35:12,2843.0,b'{}'
1582078810220,2020-02-18 23:20:10,2842.0,b'{}'
1582077907597,2020-02-18 23:05:07,2841.0,b'{}'
1582077652645,2020-02-18 23:00:52,2840.0,b'{}'
1582077014011,2020-02-18 22:50:14,2839.0,b'{}'
1582076112037,2020-02-18 22:35:12,2838.0,b'{}'
1582075209884,2020-02-18 22:20:09,2837.0,b'{}'
1582074307322,2020-02-18 22:05:07,2836.0,b'{}'
1582074053079,2020-02-18 22:00:53,2835.0,b'{}'
1582073413120,2020-02-18 21:50:13,2834.0,b'{}'
1582072511110,2020-02-18 21:35:11,2833.0,b'{}'
1582071608001,2020-02-18 21:20:08,2832.0,b'{}'
1582070705912,2020-02-18 21:05:05,2831.0,b'{}'
1582070451812,2020-02-18 21:00:51,2830.0,b'{}'
1582069981973,2020-02-18 20:53:01,2829.0,b'{}'
1582069079850,2020-02-18 20:37:59,2828.0,b'{}'
1582068178762,2020-02-18 20:22:58,2827.0,b'{}'
1582067276698,2020-02-18 20:07:56,2826.0,b'{}'
1582066372933,2020-02-18 19:52:52,2825.0,b'{}'
1582065470928,2020-02-18 19:37:50,2824.0,b'{}'
1582064568824,2020-02-18 19:22:48,2823.0,b'{}'
1582063666715,2020-02-18 19:07:46,2822.0,b'{}'
1582062764654,2020-02-18 18:52:44,2821.0,b'{}'
1582061861014,2020-02-18 18:37:41,2820.0,b'{}'
1582060957922,2020-02-18 18:22:37,2819.0,b'{}'
1582060055988,2020-02-18 18:07:35,2818.0,b'{}'
1582059152011,2020-02-18 17:52:32,2817.0,b'{}'
1582058249796,2020-02-18 17:37:29,2816.0,b'{}'
1582057347083,2020-02-18 17:22:27,2815.0,b'{}'
1582056443811,2020-02-18 17:07:23,2814.0,b'{}'
1582055541916,2020-02-18 16:52:21,2813.0,b'{}'
1582054638847,2020-02-18 16:37:18,2812.0,b'{}'
1582053736792,2020-02-18 16:22:16,2811.0,b'{}'
1582052835486,2020-02-18 16:07:15,2810.0,b'{}'
1582051931803,2020-02-18 15:52:11,2809.0,b'{}'
1582051028759,2020-02-18 15:37:08,2808.0,b'{}'
1582050125360,2020-02-18 15:22:05,2807.0,b'{}'
1582049221956,2020-02-18 15:07:01,2806.0,b'{}'
1582048318919,2020-02-18 14:51:58,2805.0,b'{}'
1582047416617,2020-02-18 14:36:56,2804.0,b'{}'
1582046513780,2020-02-18 14:21:53,2803.0,b'{}'
1582045611451,2020-02-18 14:06:51,2802.0,b'{}'
1582044707735,2020-02-18 13:51:47,2801.0,b'{}'
1582043804725,2020-02-18 13:36:44,2800.0,b'{}'
1582042902076,2020-02-18 13:21:42,2799.0,b'{}'
1582041998868,2020-02-18 13:06:38,2798.0,b'{}'
1582041096570,2020-02-18 12:51:36,2797.0,b'{}'
1582040193903,2020-02-18 12:36:33,2796.0,b'{}'
1582039291717,2020-02-18 12:21:31,2795.0,b'{}'
1582038388838,2020-02-18 12:06:28,2794.0,b'{}'
1582037485817,2020-02-18 11:51:25,2793.0,b'{}'
1582036582598,2020-02-18 11:36:22,2792.0,b'{}'
1582035679601,2020-02-18 11:21:19,2791.0,b'{}'
1582034777809,2020-02-18 11:06:17,2790.0,b'{}'
1582033875644,2020-02-18 10:51:15,2789.0,b'{}'
1582032972697,2020-02-18 10:36:12,2788.0,b'{}'
1582032069693,2020-02-18 10:21:09,2787.0,b'{}'
1582031167424,2020-02-18 10:06:07,2786.0,b'{}'
1582030263620,2020-02-18 09:51:03,2785.0,b'{}'
1582029360741,2020-02-18 09:36:00,2784.0,b'{}'
1582028457755,2020-02-18 09:20:57,2783.0,b'{}'
1582027556383,2020-02-18 09:05:56,2782.0,b'{}'
1582026653521,2020-02-18 08:50:53,2781.0,b'{}'
1582025752383,2020-02-18 08:35:52,2780.0,b'{}'
1582024848666,2020-02-18 08:20:48,2779.0,b'{}'
1582023945539,2020-02-18 08:05:45,2778.0,b'{}'
1582023042520,2020-02-18 07:50:42,2777.0,b'{}'
1582022139506,2020-02-18 07:35:39,2776.0,b'{}'
1582021237509,2020-02-18 07:20:37,2775.0,b'{}'
1582020335419,2020-02-18 07:05:35,2774.0,b'{}'
1582019433629,2020-02-18 06:50:33,2773.0,b'{}'
1582018530458,2020-02-18 06:35:30,2772.0,b'{}'
1582017627462,2020-02-18 06:20:27,2771.0,b'{}'
1582016724572,2020-02-18 06:05:24,2770.0,b'{}'
1582015822389,2020-02-18 05:50:22,2769.0,b'{}'
1582014921321,2020-02-18 05:35:21,2768.0,b'{}'
1582014018202,2020-02-18 05:20:18,2767.0,b'{}'
1582013115415,2020-02-18 05:05:15,2766.0,b'{}'
1582012213416,2020-02-18 04:50:13,2765.0,b'{}'
1582011311526,2020-02-18 04:35:11,2764.0,b'{}'
1582010409387,2020-02-18 04:20:09,2763.0,b'{}'
1582009506898,2020-02-18 04:05:06,2762.0,b'{}'
1582009250824,2020-02-18 04:00:50,2761.0,b'{}'
1582008615409,2020-02-18 03:50:15,2760.0,b'{}'
1582007712388,2020-02-18 03:35:12,2759.0,b'{}'
1582006809418,2020-02-18 03:20:09,2758.0,b'{}'
1582005906897,2020-02-18 03:05:06,2757.0,b'{}'
1582005649633,2020-02-18 03:00:49,2756.0,b'{}'
1582005162272,2020-02-18 02:52:42,2755.0,b'{}'
1582004260329,2020-02-18 02:37:40,2754.0,b'{}'
1582003358271,2020-02-18 02:22:38,2753.0,b'{}'
1582002455390,2020-02-18 02:07:35,2752.0,b'{}'
1582001554381,2020-02-18 01:52:34,2751.0,b'{}'
1582000649575,2020-02-18 01:37:29,2750.0,b'{}'
1581999747287,2020-02-18 01:22:27,2749.0,b'{}'
1581998847158,2020-02-18 01:07:27,2748.0,b'{}'
1581997943230,2020-02-18 00:52:23,2747.0,b'{}'
1581997043571,2020-02-18 00:37:23,2746.0,b'{}'
1581996139345,2020-02-18 00:22:19,2745.0,b'{}'
1581995237072,2020-02-18 00:07:17,2744.0,b'{}'
1581994333440,2020-02-17 23:52:13,2743.0,b'{}'
1581993430628,2020-02-17 23:37:10,2742.0,b'{}'
1581992528283,2020-02-17 23:22:08,2741.0,b'{}'
1581991626138,2020-02-17 23:07:06,2740.0,b'{}'
1581990722444,2020-02-17 22:52:02,2739.0,b'{}'
1581989819458,2020-02-17 22:36:59,2738.0,b'{}'
1581988916412,2020-02-17 22:21:56,2737.0,b'{}'
1581988013513,2020-02-17 22:06:53,2736.0,b'{}'
1581987110486,2020-02-17 21:51:50,2735.0,b'{}'
1581986211217,2020-02-17 21:36:51,2734.0,b'{}'
1581985314925,2020-02-17 21:21:54,2733.0,b'{}'
1581984407603,2020-02-17 21:06:47,2732.0,b'{}'
1581983501214,2020-02-17 20:51:41,2731.0,b'{}'
1581982599972,2020-02-17 20:36:39,2729.0,b'{}'
1581980794111,2020-02-17 20:06:34,2728.0,b'{}'
1581979890458,2020-02-17 19:51:30,2727.0,b'{}'
1581978990153,2020-02-17 19:36:30,2726.0,b'{}'
1581978099068,2020-02-17 19:21:39,2725.0,b'{}'
1581977182922,2020-02-17 19:06:22,2724.0,b'{}'
1581976281474,2020-02-17 18:51:21,2723.0,b'{}'
1581975376353,2020-02-17 18:36:16,2722.0,b'{}'
1581974486771,2020-02-17 18:21:26,2721.0,b'{}'
1581973570213,2020-02-17 18:06:10,2720.0,b'{}'
1581972667159,2020-02-17 17:51:07,2719.0,b'{}'
1581971765971,2020-02-17 17:36:05,2718.0,b'{}'
1581970863104,2020-02-17 17:21:03,2717.0,b'{}'
1581969961201,2020-02-17 17:06:01,2716.0,b'{}'
1581969058194,2020-02-17 16:50:58,2715.0,b'{}'
1581968158682,2020-02-17 16:35:58,2714.0,b'{}'
1581967253129,2020-02-17 16:20:53,2713.0,b'{}'
1581966351798,2020-02-17 16:05:51,2712.0,b'{}'
1581965449786,2020-02-17 15:50:49,2711.0,b'{}'
1581964545229,2020-02-17 15:35:45,2710.0,b'{}'
1581963646122,2020-02-17 15:20:46,2709.0,b'{}'
1581962744320,2020-02-17 15:05:44,2708.0,b'{}'
1581961835994,2020-02-17 14:50:35,2707.0,b'{}'
1581960934825,2020-02-17 14:35:34,2706.0,b'{}'
1581960031009,2020-02-17 14:20:31,2705.0,b'{}'
1581959128287,2020-02-17 14:05:28,2704.0,b'{}'
1581958225993,2020-02-17 13:50:25,2703.0,b'{}'
1581957323292,2020-02-17 13:35:23,2702.0,b'{}'
1581956418994,2020-02-17 13:20:18,2701.0,b'{}'
1581955516344,2020-02-17 13:05:16,2700.0,b'{}'
1581954612891,2020-02-17 12:50:12,2699.0,b'{}'
1581953710134,2020-02-17 12:35:10,2698.0,b'{}'
1581952808212,2020-02-17 12:20:08,2697.0,b'{}'
1581951905375,2020-02-17 12:05:05,2696.0,b'{}'
1581951651512,2020-02-17 12:00:51,2695.0,b'{}'
1581951014865,2020-02-17 11:50:14,2694.0,b'{}'
1581950113731,2020-02-17 11:35:13,2693.0,b'{}'
1581949209126,2020-02-17 11:20:09,2692.0,b'{}'
1581948306349,2020-02-17 11:05:06,2691.0,b'{}'
1581948051563,2020-02-17 11:00:51,2690.0,b'{}'
1581947413938,2020-02-17 10:50:13,2689.0,b'{}'
1581946511910,2020-02-17 10:35:11,2688.0,b'{}'
1581945607832,2020-02-17 10:20:07,2687.0,b'{}'
1581944705850,2020-02-17 10:05:05,2686.0,b'{}'
1581944451282,2020-02-17 10:00:51,2685.0,b'{}'
1581943824932,2020-02-17 09:50:24,2684.0,b'{}'
1581942921926,2020-02-17 09:35:21,2683.0,b'{}'
1581942018941,2020-02-17 09:20:18,2682.0,b'{}'
1581941115872,2020-02-17 09:05:15,2681.0,b'{}'
1581940213824,2020-02-17 08:50:13,2680.0,b'{}'
1581939311751,2020-02-17 08:35:11,2679.0,b'{}'
1581938409819,2020-02-17 08:20:09,2678.0,b'{}'
1581937506996,2020-02-17 08:05:06,2677.0,b'{}'
1581937252101,2020-02-17 08:00:52,2676.0,b'{}'
1581936612772,2020-02-17 07:50:12,2675.0,b'{}'
1581935710879,2020-02-17 07:35:10,2674.0,b'{}'
1581934807907,2020-02-17 07:20:07,2673.0,b'{}'
1581933905579,2020-02-17 07:05:05,2672.0,b'{}'
1581933650278,2020-02-17 07:00:50,2671.0,b'{}'
1581933084978,2020-02-17 06:51:24,2670.0,b'{}'
1581932182767,2020-02-17 06:36:22,2669.0,b'{}'
1581931280790,2020-02-17 06:21:20,2668.0,b'{}'
1581930378687,2020-02-17 06:06:18,2667.0,b'{}'
1581929475840,2020-02-17 05:51:15,2666.0,b'{}'
1581928573675,2020-02-17 05:36:13,2665.0,b'{}'
1581927671707,2020-02-17 05:21:11,2664.0,b'{}'
1581926768675,2020-02-17 05:06:08,2663.0,b'{}'
1581925865847,2020-02-17 04:51:05,2662.0,b'{}'
1581924963695,2020-02-17 04:36:03,2661.0,b'{}'
1581924061805,2020-02-17 04:21:01,2660.0,b'{}'
1581923160343,2020-02-17 04:06:00,2659.0,b'{}'
1581922257624,2020-02-17 03:50:57,2658.0,b'{}'
1581921354905,2020-02-17 03:35:54,2657.0,b'{}'
1581920452871,2020-02-17 03:20:52,2656.0,b'{}'
1581919548881,2020-02-17 03:05:48,2655.0,b'{}'
1581918647603,2020-02-17 02:50:47,2654.0,b'{}'
1581917744712,2020-02-17 02:35:44,2653.0,b'{}'
1581916841755,2020-02-17 02:20:41,2652.0,b'{}'
1581915938819,2020-02-17 02:05:38,2651.0,b'{}'
1581915035726,2020-02-17 01:50:35,2650.0,b'{}'
1581914132726,2020-02-17 01:35:32,2649.0,b'{}'
1581913230667,2020-02-17 01:20:30,2648.0,b'{}'
1581912327754,2020-02-17 01:05:27,2647.0,b'{}'
1581911425705,2020-02-17 00:50:25,2646.0,b'{}'
1581910523740,2020-02-17 00:35:23,2645.0,b'{}'
1581909621797,2020-02-17 00:20:21,2644.0,b'{}'
1581908717631,2020-02-17 00:05:17,2643.0,b'{}'
1581907815768,2020-02-16 23:50:15,2642.0,b'{}'
1581906912741,2020-02-16 23:35:12,2641.0,b'{}'
1581906010629,2020-02-16 23:20:10,2640.0,b'{}'
1581905107507,2020-02-16 23:05:07,2639.0,b'{}'
1581904849728,2020-02-16 23:00:49,2638.0,b'{}'
1581904320408,2020-02-16 22:52:00,2637.0,b'{}'
1581903418354,2020-02-16 22:36:58,2636.0,b'{}'
1581902514656,2020-02-16 22:21:54,2635.0,b'{}'
1581901611987,2020-02-16 22:06:51,2634.0,b'{}'
1581900709593,2020-02-16 21:51:49,2633.0,b'{}'
1581899807565,2020-02-16 21:36:47,2632.0,b'{}'
1581898903775,2020-02-16 21:21:43,2631.0,b'{}'
1581898003323,2020-02-16 21:06:43,2630.0,b'{}'
1581897098885,2020-02-16 20:51:38,2629.0,b'{}'
1581896195802,2020-02-16 20:36:35,2628.0,b'{}'
1581895292692,2020-02-16 20:21:32,2627.0,b'{}'
1581894390623,2020-02-16 20:06:30,2626.0,b'{}'
1581893486473,2020-02-16 19:51:26,2625.0,b'{}'
1581892584397,2020-02-16 19:36:24,2624.0,b'{}'
1581891680731,2020-02-16 19:21:20,2623.0,b'{}'
1581890778643,2020-02-16 19:06:18,2622.0,b'{}'
1581889875530,2020-02-16 18:51:15,2621.0,b'{}'
1581888972570,2020-02-16 18:36:12,2620.0,b'{}'
1581888069706,2020-02-16 18:21:09,2619.0,b'{}'
1581887166580,2020-02-16 18:06:06,2618.0,b'{}'
1581886265565,2020-02-16 17:51:05,2616.0,b'{}'
1581884460416,2020-02-16 17:21:00,2615.0,b'{}'
1581883558241,2020-02-16 17:05:58,2614.0,b'{}'
1581882655495,2020-02-16 16:50:55,2613.0,b'{}'
1581881754164,2020-02-16 16:35:54,2612.0,b'{}'
1581880850443,2020-02-16 16:20:50,2611.0,b'{}'
1581879950211,2020-02-16 16:05:50,2610.0,b'{}'
1581879046256,2020-02-16 15:50:46,2608.0,b'{}'
1581877242215,2020-02-16 15:20:42,2607.0,b'{}'
1581876339415,2020-02-16 15:05:39,2606.0,b'{}'
1581875436477,2020-02-16 14:50:36,2605.0,b'{}'
1581874535072,2020-02-16 14:35:35,2604.0,b'{}'
1581873630447,2020-02-16 14:20:30,2603.0,b'{}'
1581872727459,2020-02-16 14:05:27,2602.0,b'{}'
1581871825362,2020-02-16 13:50:25,2601.0,b'{}'
1581870924295,2020-02-16 13:35:24,2600.0,b'{}'
1581870021229,2020-02-16 13:20:21,2599.0,b'{}'
1581869118468,2020-02-16 13:05:18,2598.0,b'{}'
1581868215447,2020-02-16 12:50:15,2597.0,b'{}'
1581867313200,2020-02-16 12:35:13,2596.0,b'{}'
1581866409424,2020-02-16 12:20:09,2595.0,b'{}'
1581865507413,2020-02-16 12:05:07,2594.0,b'{}'
1581865253684,2020-02-16 12:00:53,2593.0,b'{}'
1581864614428,2020-02-16 11:50:14,2592.0,b'{}'
1581863711261,2020-02-16 11:35:11,2591.0,b'{}'
1581862809312,2020-02-16 11:20:09,2590.0,b'{}'
1581861906448,2020-02-16 11:05:06,2589.0,b'{}'
1581861653208,2020-02-16 11:00:53,2588.0,b'{}'
1581861074291,2020-02-16 10:51:14,2587.0,b'{}'
1581860171498,2020-02-16 10:36:11,2586.0,b'{}'
1581859269232,2020-02-16 10:21:09,2585.0,b'{}'
1581858367059,2020-02-16 10:06:07,2584.0,b'{}'
1581857465046,2020-02-16 09:51:05,2583.0,b'{}'
1581856561419,2020-02-16 09:36:01,2582.0,b'{}'
1581855660107,2020-02-16 09:21:00,2581.0,b'{}'
1581854757194,2020-02-16 09:05:57,2580.0,b'{}'
1581853854190,2020-02-16 08:50:54,2579.0,b'{}'
1581852951242,2020-02-16 08:35:51,2578.0,b'{}'
1581852048474,2020-02-16 08:20:48,2577.0,b'{}'
1581851147177,2020-02-16 08:05:47,2576.0,b'{}'
1581850244161,2020-02-16 07:50:44,2575.0,b'{}'
1581849341349,2020-02-16 07:35:41,2574.0,b'{}'
1581848439165,2020-02-16 07:20:39,2573.0,b'{}'
1581847537100,2020-02-16 07:05:37,2572.0,b'{}'
1581846634454,2020-02-16 06:50:34,2571.0,b'{}'
1581845731242,2020-02-16 06:35:31,2570.0,b'{}'
1581844829172,2020-02-16 06:20:29,2569.0,b'{}'
1581843926146,2020-02-16 06:05:26,2568.0,b'{}'
1581843023154,2020-02-16 05:50:23,2567.0,b'{}'
1581842121208,2020-02-16 05:35:21,2566.0,b'{}'
1581841218206,2020-02-16 05:20:18,2565.0,b'{}'
1581840316083,2020-02-16 05:05:16,2564.0,b'{}'
1581839413642,2020-02-16 04:50:13,2563.0,b'{}'
1581838510628,2020-02-16 04:35:10,2562.0,b'{}'
1581837608162,2020-02-16 04:20:08,2561.0,b'{}'
1581836706078,2020-02-16 04:05:06,2560.0,b'{}'
1581836450634,2020-02-16 04:00:50,2559.0,b'{}'
1581835814364,2020-02-16 03:50:14,2558.0,b'{}'
1581834911985,2020-02-16 03:35:11,2557.0,b'{}'
1581834009002,2020-02-16 03:20:09,2556.0,b'{}'
1581833105368,2020-02-16 03:05:05,2555.0,b'{}'
1581832850188,2020-02-16 03:00:50,2554.0,b'{}'
1581832350984,2020-02-16 02:52:30,2553.0,b'{}'
1581831448327,2020-02-16 02:37:28,2552.0,b'{}'
1581830545319,2020-02-16 02:22:25,2551.0,b'{}'
1581829642139,2020-02-16 02:07:22,2550.0,b'{}'
1581828740036,2020-02-16 01:52:20,2549.0,b'{}'
1581827838909,2020-02-16 01:37:18,2548.0,b'{}'
1581826935050,2020-02-16 01:22:15,2547.0,b'{}'
1581826032891,2020-02-16 01:07:12,2546.0,b'{}'
1581825130074,2020-02-16 00:52:10,2545.0,b'{}'
1581824228061,2020-02-16 00:37:08,2544.0,b'{}'
1581823324050,2020-02-16 00:22:04,2543.0,b'{}'
1581822421887,2020-02-16 00:07:01,2542.0,b'{}'
1581821518202,2020-02-15 23:51:58,2541.0,b'{}'
1581820615012,2020-02-15 23:36:55,2540.0,b'{}'
1581819714547,2020-02-15 23:21:54,2539.0,b'{}'
1581818811070,2020-02-15 23:06:51,2538.0,b'{}'
1581817908243,2020-02-15 22:51:48,2537.0,b'{}'
1581817005213,2020-02-15 22:36:45,2536.0,b'{}'
1581816102335,2020-02-15 22:21:42,2535.0,b'{}'
1581815199093,2020-02-15 22:06:39,2534.0,b'{}'
1581814297100,2020-02-15 21:51:37,2533.0,b'{}'
1581813395079,2020-02-15 21:36:35,2532.0,b'{}'
1581812491059,2020-02-15 21:21:31,2531.0,b'{}'
1581811589011,2020-02-15 21:06:29,2530.0,b'{}'
1581810685981,2020-02-15 20:51:25,2529.0,b'{}'
1581809783797,2020-02-15 20:36:23,2528.0,b'{}'
1581808880998,2020-02-15 20:21:20,2527.0,b'{}'
1581807979048,2020-02-15 20:06:19,2526.0,b'{}'
1581807075968,2020-02-15 19:51:15,2525.0,b'{}'
1581806173859,2020-02-15 19:36:13,2524.0,b'{}'
1581805272578,2020-02-15 19:21:12,2523.0,b'{}'
1581804368068,2020-02-15 19:06:08,2522.0,b'{}'
1581803467431,2020-02-15 18:51:07,2521.0,b'{}'
1581802562754,2020-02-15 18:36:02,2520.0,b'{}'
1581801659904,2020-02-15 18:20:59,2519.0,b'{}'
1581800757981,2020-02-15 18:05:57,2517.0,b'{}'
1581798953504,2020-02-15 17:35:53,2516.0,b'{}'
1581798049761,2020-02-15 17:20:49,2515.0,b'{}'
1581797146755,2020-02-15 17:05:46,2514.0,b'{}'
1581796243103,2020-02-15 16:50:43,2513.0,b'{}'
1581795340957,2020-02-15 16:35:40,2512.0,b'{}'
1581794437859,2020-02-15 16:20:37,2511.0,b'{}'
1581793534905,2020-02-15 16:05:34,2509.0,b'{}'
1581791730844,2020-02-15 15:35:30,2508.0,b'{}'
1581790827803,2020-02-15 15:20:27,2507.0,b'{}'
1581789927482,2020-02-15 15:05:27,2506.0,b'{}'
1581789023670,2020-02-15 14:50:23,2505.0,b'{}'
1581788120823,2020-02-15 14:35:20,2504.0,b'{}'
1581787220430,2020-02-15 14:20:20,2503.0,b'{}'
1581786316844,2020-02-15 14:05:16,2502.0,b'{}'
1581785414845,2020-02-15 13:50:14,2501.0,b'{}'
1581784513596,2020-02-15 13:35:13,2500.0,b'{}'
1581783609801,2020-02-15 13:20:09,2499.0,b'{}'
1581782706676,2020-02-15 13:05:06,2498.0,b'{}'
1581782453423,2020-02-15 13:00:53,2497.0,b'{}'
1581781823821,2020-02-15 12:50:23,2496.0,b'{}'
1581780920704,2020-02-15 12:35:20,2495.0,b'{}'
1581780018776,2020-02-15 12:20:18,2494.0,b'{}'
1581779116679,2020-02-15 12:05:16,2492.0,b'{}'
1581777312535,2020-02-15 11:35:12,2491.0,b'{}'
1581776408709,2020-02-15 11:20:08,2490.0,b'{}'
1581775506173,2020-02-15 11:05:06,2489.0,b'{}'
1581775248372,2020-02-15 11:00:48,2488.0,b'{}'
1581774668695,2020-02-15 10:51:08,2487.0,b'{}'
1581773765697,2020-02-15 10:36:05,2486.0,b'{}'
1581772863628,2020-02-15 10:21:03,2485.0,b'{}'
1581771961551,2020-02-15 10:06:01,2484.0,b'{}'
1581771057736,2020-02-15 09:50:57,2483.0,b'{}'
1581770154824,2020-02-15 09:35:54,2482.0,b'{}'
1581769251963,2020-02-15 09:20:51,2481.0,b'{}'
1581768349656,2020-02-15 09:05:49,2480.0,b'{}'
1581767446749,2020-02-15 08:50:46,2479.0,b'{}'
1581766543642,2020-02-15 08:35:43,2478.0,b'{}'
1581765640774,2020-02-15 08:20:40,2477.0,b'{}'
1581764738594,2020-02-15 08:05:38,2476.0,b'{}'
1581763836622,2020-02-15 07:50:36,2475.0,b'{}'
1581762933723,2020-02-15 07:35:33,2474.0,b'{}'
1581762030520,2020-02-15 07:20:30,2473.0,b'{}'
1581761127723,2020-02-15 07:05:27,2472.0,b'{}'
1581760224626,2020-02-15 06:50:24,2471.0,b'{}'
1581759322627,2020-02-15 06:35:22,2470.0,b'{}'
1581758419806,2020-02-15 06:20:19,2469.0,b'{}'
1581757517403,2020-02-15 06:05:17,2468.0,b'{}'
1581756613522,2020-02-15 05:50:13,2467.0,b'{}'
1581755710647,2020-02-15 05:35:10,2466.0,b'{}'
1581754807629,2020-02-15 05:20:07,2465.0,b'{}'
1581753905095,2020-02-15 05:05:05,2464.0,b'{}'
1581753649446,2020-02-15 05:00:49,2463.0,b'{}'
1581753024326,2020-02-15 04:50:24,2462.0,b'{}'
1581752121500,2020-02-15 04:35:21,2461.0,b'{}'
1581751218639,2020-02-15 04:20:18,2460.0,b'{}'
1581750315646,2020-02-15 04:05:15,2459.0,b'{}'
1581749413575,2020-02-15 03:50:13,2458.0,b'{}'
1581748510428,2020-02-15 03:35:10,2457.0,b'{}'
1581747608585,2020-02-15 03:20:08,2456.0,b'{}'
1581746706388,2020-02-15 03:05:06,2455.0,b'{}'
1581746451610,2020-02-15 03:00:51,2454.0,b'{}'
1581745835594,2020-02-15 02:50:35,2453.0,b'{}'
1581744932500,2020-02-15 02:35:32,2452.0,b'{}'
1581744029521,2020-02-15 02:20:29,2451.0,b'{}'
1581743126383,2020-02-15 02:05:26,2450.0,b'{}'
1581742223587,2020-02-15 01:50:23,2449.0,b'{}'
1581741321442,2020-02-15 01:35:21,2448.0,b'{}'
1581740418582,2020-02-15 01:20:18,2447.0,b'{}'
1581739517091,2020-02-15 01:05:17,2446.0,b'{}'
1581738612466,2020-02-15 00:50:12,2445.0,b'{}'
1581737711282,2020-02-15 00:35:11,2444.0,b'{}'
1581736808393,2020-02-15 00:20:08,2443.0,b'{}'
1581735906015,2020-02-15 00:05:06,2442.0,b'{}'
1581735649460,2020-02-15 00:00:49,2441.0,b'{}'
1581735060129,2020-02-14 23:51:00,2440.0,b'{}'
1581734155409,2020-02-14 23:35:55,2439.0,b'{}'
1581733252417,2020-02-14 23:20:52,2438.0,b'{}'
1581732349641,2020-02-14 23:05:49,2437.0,b'{}'
1581731449065,2020-02-14 22:50:49,2436.0,b'{}'
1581730544451,2020-02-14 22:35:44,2435.0,b'{}'
1581729642257,2020-02-14 22:20:42,2434.0,b'{}'
1581728740342,2020-02-14 22:05:40,2433.0,b'{}'
1581727838348,2020-02-14 21:50:38,2431.0,b'{}'
1581726032520,2020-02-14 21:20:32,2430.0,b'{}'
1581725129453,2020-02-14 21:05:29,2429.0,b'{}'
1581724226476,2020-02-14 20:50:26,2428.0,b'{}'
1581723325045,2020-02-14 20:35:25,2427.0,b'{}'
1581722421396,2020-02-14 20:20:21,2426.0,b'{}'
1581721519241,2020-02-14 20:05:19,2425.0,b'{}'
1581720615458,2020-02-14 19:50:15,2424.0,b'{}'
1581719714130,2020-02-14 19:35:14,2423.0,b'{}'
1581718810321,2020-02-14 19:20:10,2421.0,b'{}'
1581717654572,2020-02-14 19:00:54,2420.0,b'{}'
1581717016194,2020-02-14 18:50:16,2419.0,b'{}'
1581716113209,2020-02-14 18:35:13,2418.0,b'{}'
1581715209515,2020-02-14 18:20:09,2417.0,b'{}'
1581714306801,2020-02-14 18:05:06,2416.0,b'{}'
1581714053886,2020-02-14 18:00:53,2415.0,b'{}'
1581713662366,2020-02-14 17:54:22,2415.0,b'{}'
1581713633319,2020-02-14 17:53:53,2414.0,b'{}'
1581712690069,2020-02-14 17:38:10,2413.0,b'{}'
1581711788057,2020-02-14 17:23:08,2412.0,b'{}'
1581710886283,2020-02-14 17:08:06,2411.0,b'{}'
1581709983150,2020-02-14 16:53:03,2410.0,b'{}'
1581695473760,2020-02-14 12:51:13,2409.0,b'{}'
1581694572677,2020-02-14 12:36:12,2408.0,b'{}'
1581693669692,2020-02-14 12:21:09,2407.0,b'{}'
1581692767715,2020-02-14 12:06:07,2406.0,b'{}'
1581691864868,2020-02-14 11:51:04,2405.0,b'{}'
1581690961731,2020-02-14 11:36:01,2404.0,b'{}'
1581690058819,2020-02-14 11:20:58,2403.0,b'{}'
1581689155750,2020-02-14 11:05:55,2402.0,b'{}'
1581688253713,2020-02-14 10:50:53,2401.0,b'{}'
1581687351673,2020-02-14 10:35:51,2400.0,b'{}'
1581686449733,2020-02-14 10:20:49,2399.0,b'{}'
1581685546781,2020-02-14 10:05:46,2398.0,b'{}'
1581684644787,2020-02-14 09:50:44,2397.0,b'{}'
1581683741802,2020-02-14 09:35:41,2396.0,b'{}'
1581682839559,2020-02-14 09:20:39,2395.0,b'{}'
1581681936590,2020-02-14 09:05:36,2394.0,b'{}'
1581681033611,2020-02-14 08:50:33,2393.0,b'{}'
1581680130727,2020-02-14 08:35:30,2392.0,b'{}'
1581679228585,2020-02-14 08:20:28,2391.0,b'{}'
1581678326737,2020-02-14 08:05:26,2390.0,b'{}'
1581677424588,2020-02-14 07:50:24,2389.0,b'{}'
1581676522653,2020-02-14 07:35:22,2388.0,b'{}'
1581675620637,2020-02-14 07:20:20,2387.0,b'{}'
1581674718760,2020-02-14 07:05:18,2386.0,b'{}'
1581673816471,2020-02-14 06:50:16,2385.0,b'{}'
1581672912534,2020-02-14 06:35:12,2384.0,b'{}'
1581672010147,2020-02-14 06:20:10,2383.0,b'{}'
1581671107875,2020-02-14 06:05:07,2382.0,b'{}'
1581670854852,2020-02-14 06:00:54,2381.0,b'{}'
1581670235600,2020-02-14 05:50:35,2380.0,b'{}'
1581669332556,2020-02-14 05:35:32,2379.0,b'{}'
1581668430056,2020-02-14 05:20:30,2378.0,b'{}'
1581667527618,2020-02-14 05:05:27,2377.0,b'{}'
1581666624761,2020-02-14 04:50:24,2376.0,b'{}'
1581665722599,2020-02-14 04:35:22,2375.0,b'{}'
1581664820516,2020-02-14 04:20:20,2374.0,b'{}'
1581663917685,2020-02-14 04:05:17,2373.0,b'{}'
1581663015605,2020-02-14 03:50:15,2372.0,b'{}'
1581662112507,2020-02-14 03:35:12,2371.0,b'{}'
1581661209653,2020-02-14 03:20:09,2370.0,b'{}'
1581660307227,2020-02-14 03:05:07,2369.0,b'{}'
1581660055759,2020-02-14 03:00:55,2368.0,b'{}'
1581659415004,2020-02-14 02:50:15,2367.0,b'{}'
1581658511512,2020-02-14 02:35:11,2366.0,b'{}'
1581657609590,2020-02-14 02:20:09,2365.0,b'{}'
1581656707137,2020-02-14 02:05:07,2364.0,b'{}'
1581656452695,2020-02-14 02:00:52,2363.0,b'{}'
1581655864432,2020-02-14 01:51:04,2362.0,b'{}'
1581654962566,2020-02-14 01:36:02,2361.0,b'{}'
1581654060443,2020-02-14 01:21:00,2360.0,b'{}'
1581653157527,2020-02-14 01:05:57,2359.0,b'{}'
1581652254544,2020-02-14 00:50:54,2358.0,b'{}'
1581651353329,2020-02-14 00:35:53,2357.0,b'{}'
1581650450494,2020-02-14 00:20:50,2356.0,b'{}'
1581649547556,2020-02-14 00:05:47,2355.0,b'{}'
1581648645510,2020-02-13 23:50:45,2354.0,b'{}'
1581647743463,2020-02-13 23:35:43,2353.0,b'{}'
1581646840526,2020-02-13 23:20:40,2352.0,b'{}'
1581645937433,2020-02-13 23:05:37,2351.0,b'{}'
1581645035503,2020-02-13 22:50:35,2350.0,b'{}'
1581644132420,2020-02-13 22:35:32,2349.0,b'{}'
1581643229479,2020-02-13 22:20:29,2348.0,b'{}'
1581642327318,2020-02-13 22:05:27,2347.0,b'{}'
1581641425397,2020-02-13 21:50:25,2346.0,b'{}'
1581640523396,2020-02-13 21:35:23,2345.0,b'{}'
1581639622217,2020-02-13 21:20:22,2344.0,b'{}'
1581638718515,2020-02-13 21:05:18,2343.0,b'{}'
1581637816483,2020-02-13 20:50:16,2342.0,b'{}'
1581636913729,2020-02-13 20:35:13,2341.0,b'{}'
1581636011379,2020-02-13 20:20:11,2340.0,b'{}'
1581635108327,2020-02-13 20:05:08,2339.0,b'{}'
1581634853456,2020-02-13 20:00:53,2338.0,b'{}'
1581634349308,2020-02-13 19:52:29,2337.0,b'{}'
1581633446550,2020-02-13 19:37:26,2336.0,b'{}'
1581632545138,2020-02-13 19:22:25,2335.0,b'{}'
1581631643342,2020-02-13 19:07:23,2334.0,b'{}'
1581630739162,2020-02-13 18:52:19,2332.0,b'{}'
1581628934193,2020-02-13 18:22:14,2331.0,b'{}'
1581628032061,2020-02-13 18:07:12,2329.0,b'{}'
1581626226486,2020-02-13 17:37:06,2328.0,b'{}'
1581625324222,2020-02-13 17:22:04,2327.0,b'{}'
1581624421699,2020-02-13 17:07:01,2325.0,b'{}'
1581622616166,2020-02-13 16:36:56,2324.0,b'{}'
1581621713040,2020-02-13 16:21:53,2323.0,b'{}'
1581620810144,2020-02-13 16:06:50,2322.0,b'{}'
1581619906394,2020-02-13 15:51:46,2321.0,b'{}'
1581619003274,2020-02-13 15:36:43,2320.0,b'{}'
1581618100961,2020-02-13 15:21:40,2319.0,b'{}'
1581617199023,2020-02-13 15:06:39,2318.0,b'{}'
1581616298046,2020-02-13 14:51:38,2317.0,b'{}'
1581615395356,2020-02-13 14:36:35,2316.0,b'{}'
1581614490563,2020-02-13 14:21:30,2315.0,b'{}'
1581613587366,2020-02-13 14:06:27,2314.0,b'{}'
1581612684225,2020-02-13 13:51:24,2313.0,b'{}'
1581611782057,2020-02-13 13:36:22,2311.0,b'{}'
1581609978706,2020-02-13 13:06:18,2310.0,b'{}'
1581609076123,2020-02-13 12:51:16,2309.0,b'{}'
1581608173201,2020-02-13 12:36:13,2308.0,b'{}'
1581607271039,2020-02-13 12:21:11,2307.0,b'{}'
1581606367504,2020-02-13 12:06:07,2306.0,b'{}'
1581605464251,2020-02-13 11:51:04,2305.0,b'{}'
1581604562954,2020-02-13 11:36:02,2304.0,b'{}'
1581603659012,2020-02-13 11:20:59,2303.0,b'{}'
1581602756116,2020-02-13 11:05:56,2302.0,b'{}'
1581601857144,2020-02-13 10:50:57,2301.0,b'{}'
1581600953259,2020-02-13 10:35:53,2300.0,b'{}'
1581600048099,2020-02-13 10:20:48,2299.0,b'{}'
1581599146849,2020-02-13 10:05:46,2298.0,b'{}'
1581598242929,2020-02-13 09:50:42,2297.0,b'{}'
1581597340967,2020-02-13 09:35:40,2296.0,b'{}'
1581596439033,2020-02-13 09:20:39,2295.0,b'{}'
1581595536778,2020-02-13 09:05:36,2294.0,b'{}'
1581594633865,2020-02-13 08:50:33,2293.0,b'{}'
1581593731922,2020-02-13 08:35:31,2292.0,b'{}'
1581592829908,2020-02-13 08:20:29,2291.0,b'{}'
1581591927151,2020-02-13 08:05:27,2290.0,b'{}'
1581591024892,2020-02-13 07:50:24,2289.0,b'{}'
1581590122097,2020-02-13 07:35:22,2288.0,b'{}'
1581589220427,2020-02-13 07:20:20,2287.0,b'{}'
1581588316436,2020-02-13 07:05:16,2286.0,b'{}'
1581587413982,2020-02-13 06:50:13,2285.0,b'{}'
1581586512340,2020-02-13 06:35:12,2284.0,b'{}'
1581585608928,2020-02-13 06:20:08,2283.0,b'{}'
1581584706686,2020-02-13 06:05:06,2282.0,b'{}'
1581584450207,2020-02-13 06:00:50,2281.0,b'{}'
1581583814153,2020-02-13 05:50:14,2280.0,b'{}'
1581582910901,2020-02-13 05:35:10,2279.0,b'{}'
1581582008099,2020-02-13 05:20:08,2278.0,b'{}'
1581581106700,2020-02-13 05:05:06,2277.0,b'{}'
1581580851006,2020-02-13 05:00:51,2276.0,b'{}'
1581580214963,2020-02-13 04:50:14,2275.0,b'{}'
1581579313709,2020-02-13 04:35:13,2274.0,b'{}'
1581578408894,2020-02-13 04:20:08,2273.0,b'{}'
1581577506114,2020-02-13 04:05:06,2272.0,b'{}'
1581577249319,2020-02-13 04:00:49,2271.0,b'{}'
1581576626353,2020-02-13 03:50:26,2270.0,b'{}'
1581575722811,2020-02-13 03:35:22,2269.0,b'{}'
1581574820874,2020-02-13 03:20:20,2268.0,b'{}'
1581573917856,2020-02-13 03:05:17,2267.0,b'{}'
1581573015179,2020-02-13 02:50:15,2266.0,b'{}'
1581572112892,2020-02-13 02:35:12,2265.0,b'{}'
1581571209804,2020-02-13 02:20:09,2264.0,b'{}'
1581570307492,2020-02-13 02:05:07,2263.0,b'{}'
1581570051319,2020-02-13 02:00:51,2262.0,b'{}'
1581569445923,2020-02-13 01:50:45,2261.0,b'{}'
1581568543909,2020-02-13 01:35:43,2260.0,b'{}'
1581567641869,2020-02-13 01:20:41,2259.0,b'{}'
1581566740854,2020-02-13 01:05:40,2258.0,b'{}'
1581565837976,2020-02-13 00:50:37,2257.0,b'{}'
1581564935765,2020-02-13 00:35:35,2256.0,b'{}'
1581564032752,2020-02-13 00:20:32,2255.0,b'{}'
1581563129781,2020-02-13 00:05:29,2254.0,b'{}'
1581562227095,2020-02-12 23:50:27,2253.0,b'{}'
1581561324883,2020-02-12 23:35:24,2252.0,b'{}'
1581560421972,2020-02-12 23:20:21,2251.0,b'{}'
1581559518879,2020-02-12 23:05:18,2250.0,b'{}'
1581558615708,2020-02-12 22:50:15,2249.0,b'{}'
1581557713895,2020-02-12 22:35:13,2248.0,b'{}'
1581556810864,2020-02-12 22:20:10,2247.0,b'{}'
1581555907914,2020-02-12 22:05:07,2246.0,b'{}'
1581555652362,2020-02-12 22:00:52,2245.0,b'{}'
1581555036880,2020-02-12 21:50:36,2243.0,b'{}'
1581553231157,2020-02-12 21:20:31,2242.0,b'{}'
1581552328889,2020-02-12 21:05:28,2241.0,b'{}'
1581551425780,2020-02-12 20:50:25,2239.0,b'{}'
1581549621201,2020-02-12 20:20:21,2237.0,b'{}'
1581547816341,2020-02-12 19:50:16,2235.0,b'{}'
1581546008725,2020-02-12 19:20:08,2234.0,b'{}'
1581545176164,2020-02-12 19:06:16,2234.0,b'{}'
1581545120671,2020-02-12 19:05:20,2233.0,b'{}'
1581544851042,2020-02-12 19:00:51,2232.0,b'{}'
1581544226491,2020-02-12 18:50:26,2231.0,b'{}'
1581543323524,2020-02-12 18:35:23,2230.0,b'{}'
1581542419606,2020-02-12 18:20:19,2228.0,b'{}'
1581540616508,2020-02-12 17:50:16,2227.0,b'{}'
1581539711649,2020-02-12 17:35:11,2226.0,b'{}'
1581538810186,2020-02-12 17:20:10,2225.0,b'{}'
1581537906988,2020-02-12 17:05:06,2224.0,b'{}'
1581537650563,2020-02-12 17:00:50,2223.0,b'{}'
1581537096552,2020-02-12 16:51:36,2222.0,b'{}'
1581536194674,2020-02-12 16:36:34,2221.0,b'{}'
1581535291607,2020-02-12 16:21:31,2220.0,b'{}'
1581534388566,2020-02-12 16:06:28,2219.0,b'{}'
1581533486579,2020-02-12 15:51:26,2218.0,b'{}'
1581532585052,2020-02-12 15:36:25,2217.0,b'{}'
1581531682297,2020-02-12 15:21:22,2216.0,b'{}'
1581530779494,2020-02-12 15:06:19,2215.0,b'{}'
1581529878350,2020-02-12 14:51:18,2214.0,b'{}'
1581528975396,2020-02-12 14:36:15,2213.0,b'{}'
1581528072654,2020-02-12 14:21:12,2212.0,b'{}'
1581527170550,2020-02-12 14:06:10,2211.0,b'{}'
1581526268424,2020-02-12 13:51:08,2210.0,b'{}'
1581525364498,2020-02-12 13:36:04,2209.0,b'{}'
1581524461727,2020-02-12 13:21:01,2208.0,b'{}'
1581523559567,2020-02-12 13:05:59,2207.0,b'{}'
1581522658326,2020-02-12 12:50:58,2206.0,b'{}'
1581521755340,2020-02-12 12:35:55,2205.0,b'{}'
1581520852665,2020-02-12 12:20:52,2203.0,b'{}'
1581519046755,2020-02-12 11:50:46,2202.0,b'{}'
1581518144590,2020-02-12 11:35:44,2201.0,b'{}'
1581517240368,2020-02-12 11:20:40,2200.0,b'{}'
1581516338295,2020-02-12 11:05:38,2199.0,b'{}'
1581515436668,2020-02-12 10:50:36,2198.0,b'{}'
1581514532385,2020-02-12 10:35:32,2197.0,b'{}'
1581513629494,2020-02-12 10:20:29,2196.0,b'{}'
1581512727411,2020-02-12 10:05:27,2195.0,b'{}'
1581511824309,2020-02-12 09:50:24,2194.0,b'{}'
1581510922430,2020-02-12 09:35:22,2193.0,b'{}'
1581510020327,2020-02-12 09:20:20,2192.0,b'{}'
1581509117656,2020-02-12 09:05:17,2191.0,b'{}'
1581508215162,2020-02-12 08:50:15,2190.0,b'{}'
1581507311272,2020-02-12 08:35:11,2189.0,b'{}'
1581506408333,2020-02-12 08:20:08,2188.0,b'{}'
1581505505682,2020-02-12 08:05:05,2187.0,b'{}'
1581505250994,2020-02-12 08:00:50,2186.0,b'{}'
1581504685485,2020-02-12 07:51:25,2185.0,b'{}'
1581503781267,2020-02-12 07:36:21,2184.0,b'{}'
1581502878358,2020-02-12 07:21:18,2183.0,b'{}'
1581501975405,2020-02-12 07:06:15,2182.0,b'{}'
1581501073219,2020-02-12 06:51:13,2181.0,b'{}'
1581500170189,2020-02-12 06:36:10,2180.0,b'{}'
1581499267456,2020-02-12 06:21:07,2179.0,b'{}'
1581498365290,2020-02-12 06:06:05,2178.0,b'{}'
1581497462269,2020-02-12 05:51:02,2177.0,b'{}'
1581496559245,2020-02-12 05:35:59,2176.0,b'{}'
1581495657234,2020-02-12 05:20:57,2175.0,b'{}'
1581494756289,2020-02-12 05:05:56,2174.0,b'{}'
1581493852264,2020-02-12 04:50:52,2173.0,b'{}'
1581492949177,2020-02-12 04:35:49,2172.0,b'{}'
1581492046236,2020-02-12 04:20:46,2171.0,b'{}'
1581491143206,2020-02-12 04:05:43,2170.0,b'{}'
1581490241266,2020-02-12 03:50:41,2169.0,b'{}'
1581489339398,2020-02-12 03:35:39,2168.0,b'{}'
1581488437148,2020-02-12 03:20:37,2167.0,b'{}'
1581487536123,2020-02-12 03:05:36,2166.0,b'{}'
1581486633269,2020-02-12 02:50:33,2165.0,b'{}'
1581485731095,2020-02-12 02:35:31,2164.0,b'{}'
1581484828320,2020-02-12 02:20:28,2163.0,b'{}'
1581483926147,2020-02-12 02:05:26,2162.0,b'{}'
1581483024318,2020-02-12 01:50:24,2161.0,b'{}'
1581482121406,2020-02-12 01:35:21,2160.0,b'{}'
1581481218554,2020-02-12 01:20:18,2159.0,b'{}'
1581480316344,2020-02-12 01:05:16,2158.0,b'{}'
1581479413236,2020-02-12 00:50:13,2157.0,b'{}'
1581478510918,2020-02-12 00:35:10,2156.0,b'{}'
1581477608139,2020-02-12 00:20:08,2155.0,b'{}'
1581476705837,2020-02-12 00:05:05,2154.0,b'{}'
1581476448381,2020-02-12 00:00:48,2153.0,b'{}'
1581475833962,2020-02-11 23:50:33,2152.0,b'{}'
1581474931279,2020-02-11 23:35:31,2151.0,b'{}'
1581474029874,2020-02-11 23:20:29,2150.0,b'{}'
1581473126993,2020-02-11 23:05:26,2149.0,b'{}'
1581472224057,2020-02-11 22:50:24,2148.0,b'{}'
1581471321093,2020-02-11 22:35:21,2147.0,b'{}'
1581470418177,2020-02-11 22:20:18,2146.0,b'{}'
1581469517004,2020-02-11 22:05:17,2145.0,b'{}'
1581468613967,2020-02-11 21:50:13,2144.0,b'{}'
1581467711204,2020-02-11 21:35:11,2143.0,b'{}'
1581466808971,2020-02-11 21:20:08,2142.0,b'{}'
1581465905860,2020-02-11 21:05:05,2141.0,b'{}'
1581465652922,2020-02-11 21:00:52,2140.0,b'{}'
1581465014993,2020-02-11 20:50:14,2139.0,b'{}'
1581464112130,2020-02-11 20:35:12,2138.0,b'{}'
1581463210128,2020-02-11 20:20:10,2137.0,b'{}'
1581462307472,2020-02-11 20:05:07,2136.0,b'{}'
1581462052909,2020-02-11 20:00:52,2135.0,b'{}'
1581461517546,2020-02-11 19:51:57,2134.0,b'{}'
1581460614922,2020-02-11 19:36:54,2132.0,b'{}'
1581458811583,2020-02-11 19:06:51,2131.0,b'{}'
1581457906005,2020-02-11 18:51:46,2130.0,b'{}'
1581457074103,2020-02-11 18:37:54,2130.0,b'{}'
1581457018300,2020-02-11 18:36:58,2129.0,b'{}'
1581456102715,2020-02-11 18:21:42,2128.0,b'{}'
1581455198819,2020-02-11 18:06:38,2127.0,b'{}'
1581454296890,2020-02-11 17:51:36,2126.0,b'{}'
1581453393189,2020-02-11 17:36:33,2125.0,b'{}'
1581452490910,2020-02-11 17:21:30,2124.0,b'{}'
1581451586973,2020-02-11 17:06:26,2123.0,b'{}'
1581450685768,2020-02-11 16:51:25,2122.0,b'{}'
1581449782249,2020-02-11 16:36:22,2121.0,b'{}'
1581448879266,2020-02-11 16:21:19,2120.0,b'{}'
1581447976908,2020-02-11 16:06:16,2119.0,b'{}'
1581447073970,2020-02-11 15:51:13,2118.0,b'{}'
1581446172627,2020-02-11 15:36:12,2117.0,b'{}'
1581445268964,2020-02-11 15:21:08,2116.0,b'{}'
1581444566216,2020-02-11 15:09:26,2116.0,b'{}'
1581444467515,2020-02-11 15:07:47,2115.0,b'{}'
1581443464262,2020-02-11 14:51:04,2114.0,b'{}'
1581442564234,2020-02-11 14:36:04,2113.0,b'{}'
1581441721918,2020-02-11 14:22:01,2112.0,b'{}'
1581440757863,2020-02-11 14:05:57,2111.0,b'{}'
1581439856610,2020-02-11 13:50:56,2110.0,b'{}'
1581438960207,2020-02-11 13:36:00,2109.0,b'{}'
1581438049636,2020-02-11 13:20:49,2108.0,b'{}'
1581437145871,2020-02-11 13:05:45,2107.0,b'{}'
1581436242799,2020-02-11 12:50:42,2106.0,b'{}'
1581435347052,2020-02-11 12:35:47,2104.0,b'{}'
1581433535986,2020-02-11 12:05:35,2103.0,b'{}'
1581432634171,2020-02-11 11:50:34,2102.0,b'{}'
1581431730782,2020-02-11 11:35:30,2101.0,b'{}'
1581430828806,2020-02-11 11:20:28,2100.0,b'{}'
1581429925663,2020-02-11 11:05:25,2099.0,b'{}'
1581429023717,2020-02-11 10:50:23,2098.0,b'{}'
1581428120928,2020-02-11 10:35:20,2097.0,b'{}'
1581427218015,2020-02-11 10:20:18,2096.0,b'{}'
1581426315796,2020-02-11 10:05:15,2095.0,b'{}'
1581425413771,2020-02-11 09:50:13,2094.0,b'{}'
1581424511709,2020-02-11 09:35:11,2093.0,b'{}'
1581423609708,2020-02-11 09:20:09,2092.0,b'{}'
1581422707503,2020-02-11 09:05:07,2091.0,b'{}'
1581422453133,2020-02-11 09:00:53,2090.0,b'{}'
1581421832785,2020-02-11 08:50:32,2089.0,b'{}'
1581420931505,2020-02-11 08:35:31,2088.0,b'{}'
1581420028624,2020-02-11 08:20:28,2087.0,b'{}'
1581419126651,2020-02-11 08:05:26,2086.0,b'{}'
1581418224058,2020-02-11 07:50:24,2085.0,b'{}'
1581417321122,2020-02-11 07:35:21,2084.0,b'{}'
1581416417688,2020-02-11 07:20:17,2083.0,b'{}'
1581415514686,2020-02-11 07:05:14,2082.0,b'{}'
1581414612622,2020-02-11 06:50:12,2081.0,b'{}'
1581413710723,2020-02-11 06:35:10,2080.0,b'{}'
1581412807681,2020-02-11 06:20:07,2079.0,b'{}'
1581411905347,2020-02-11 06:05:05,2078.0,b'{}'
1581411654732,2020-02-11 06:00:54,2077.0,b'{}'
1581411034858,2020-02-11 05:50:34,2076.0,b'{}'
1581410130917,2020-02-11 05:35:30,2075.0,b'{}'
1581409229517,2020-02-11 05:20:29,2074.0,b'{}'
1581408326651,2020-02-11 05:05:26,2073.0,b'{}'
1581407424030,2020-02-11 04:50:24,2072.0,b'{}'
1581406520832,2020-02-11 04:35:20,2071.0,b'{}'
1581405618669,2020-02-11 04:20:18,2070.0,b'{}'
1581404716605,2020-02-11 04:05:16,2069.0,b'{}'
1581403814572,2020-02-11 03:50:14,2068.0,b'{}'
1581402912411,2020-02-11 03:35:12,2067.0,b'{}'
1581402009503,2020-02-11 03:20:09,2066.0,b'{}'
1581401105895,2020-02-11 03:05:05,2065.0,b'{}'
1581400851290,2020-02-11 03:00:51,2064.0,b'{}'
1581400353875,2020-02-11 02:52:33,2063.0,b'{}'
1581399450519,2020-02-11 02:37:30,2062.0,b'{}'
1581398548544,2020-02-11 02:22:28,2061.0,b'{}'
1581397646471,2020-02-11 02:07:26,2060.0,b'{}'
1581396742702,2020-02-11 01:52:22,2059.0,b'{}'
1581395840453,2020-02-11 01:37:20,2058.0,b'{}'
1581394938613,2020-02-11 01:22:18,2057.0,b'{}'
1581394036415,2020-02-11 01:07:16,2056.0,b'{}'
1581393133589,2020-02-11 00:52:13,2055.0,b'{}'
1581392232439,2020-02-11 00:37:12,2054.0,b'{}'
1581391328561,2020-02-11 00:22:08,2053.0,b'{}'
1581390425709,2020-02-11 00:07:05,2052.0,b'{}'
1581389522644,2020-02-10 23:52:02,2051.0,b'{}'
1581388620088,2020-02-10 23:37:00,2050.0,b'{}'
1581387717493,2020-02-10 23:21:57,2049.0,b'{}'
1581386815293,2020-02-10 23:06:55,2048.0,b'{}'
1581385911482,2020-02-10 22:51:51,2047.0,b'{}'
1581385008628,2020-02-10 22:36:48,2046.0,b'{}'
1581384105598,2020-02-10 22:21:45,2045.0,b'{}'
1581383203311,2020-02-10 22:06:43,2044.0,b'{}'
1581382299577,2020-02-10 21:51:39,2043.0,b'{}'
1581381397483,2020-02-10 21:36:37,2041.0,b'{}'
1581379592710,2020-02-10 21:06:32,2040.0,b'{}'
1581378689491,2020-02-10 20:51:29,2037.0,b'{}'
1581375981379,2020-02-10 20:06:21,2035.0,b'{}'
1581374176473,2020-02-10 19:36:16,2034.0,b'{}'
1581373274331,2020-02-10 19:21:14,2033.0,b'{}'
1581372371388,2020-02-10 19:06:11,2032.0,b'{}'
1581371469214,2020-02-10 18:51:09,2031.0,b'{}'
1581370565279,2020-02-10 18:36:05,2030.0,b'{}'
1581369663245,2020-02-10 18:21:03,2029.0,b'{}'
1581368830678,2020-02-10 18:07:10,2029.0,b'{}'
1581368773477,2020-02-10 18:06:13,2028.0,b'{}'
1581367856575,2020-02-10 17:50:56,2027.0,b'{}'
1581366953465,2020-02-10 17:35:53,2026.0,b'{}'
1581366051208,2020-02-10 17:20:51,2025.0,b'{}'
1581365149194,2020-02-10 17:05:49,2024.0,b'{}'
1581364247064,2020-02-10 16:50:47,2023.0,b'{}'
1581363346010,2020-02-10 16:35:46,2021.0,b'{}'
1581361539985,2020-02-10 16:05:39,2020.0,b'{}'
1581360636130,2020-02-10 15:50:36,2019.0,b'{}'
1581359732277,2020-02-10 15:35:32,2017.0,b'{}'
1581357927251,2020-02-10 15:05:27,2015.0,b'{}'
1581356123160,2020-02-10 14:35:23,2014.0,b'{}'
1581355220187,2020-02-10 14:20:20,2013.0,b'{}'
1581354317582,2020-02-10 14:05:17,2012.0,b'{}'
1581353414143,2020-02-10 13:50:14,2011.0,b'{}'
1581352512021,2020-02-10 13:35:12,2010.0,b'{}'
1581351609080,2020-02-10 13:20:09,2009.0,b'{}'
1581350706388,2020-02-10 13:05:06,2008.0,b'{}'
1581350526548,2020-02-10 13:02:06,2008.0,b'{}'
1581350499640,2020-02-10 13:01:39,2007.0,b'{}'
1581349893212,2020-02-10 12:51:33,2006.0,b'{}'
1581348989081,2020-02-10 12:36:29,2005.0,b'{}'
1581348087078,2020-02-10 12:21:27,2004.0,b'{}'
1581347185113,2020-02-10 12:06:25,2003.0,b'{}'
1581346282338,2020-02-10 11:51:22,2002.0,b'{}'
1581345379169,2020-02-10 11:36:19,2001.0,b'{}'
1581344477983,2020-02-10 11:21:17,2000.0,b'{}'
1581343575055,2020-02-10 11:06:15,1999.0,b'{}'
1581342672053,2020-02-10 10:51:12,1998.0,b'{}'
1581341769060,2020-02-10 10:36:09,1997.0,b'{}'
1581340866890,2020-02-10 10:21:06,1996.0,b'{}'
1581339963210,2020-02-10 10:06:03,1995.0,b'{}'
1581339061110,2020-02-10 09:51:01,1994.0,b'{}'
1581338159325,2020-02-10 09:35:59,1993.0,b'{}'
1581337257878,2020-02-10 09:20:57,1992.0,b'{}'
1581336354987,2020-02-10 09:05:54,1991.0,b'{}'
1581335453057,2020-02-10 08:50:53,1990.0,b'{}'
1581334551011,2020-02-10 08:35:51,1989.0,b'{}'
1581333649059,2020-02-10 08:20:49,1988.0,b'{}'
1581332745275,2020-02-10 08:05:45,1987.0,b'{}'
1581331842801,2020-02-10 07:50:42,1986.0,b'{}'
1581330940142,2020-02-10 07:35:40,1985.0,b'{}'
1581330038081,2020-02-10 07:20:38,1984.0,b'{}'
1581329135896,2020-02-10 07:05:35,1983.0,b'{}'
1581328234516,2020-02-10 06:50:34,1982.0,b'{}'
1581327330975,2020-02-10 06:35:30,1981.0,b'{}'
1581326429099,2020-02-10 06:20:29,1980.0,b'{}'
1581325525468,2020-02-10 06:05:25,1979.0,b'{}'
1581324622871,2020-02-10 05:50:22,1978.0,b'{}'
1581323720097,2020-02-10 05:35:20,1977.0,b'{}'
1581322817976,2020-02-10 05:20:17,1976.0,b'{}'
1581321916033,2020-02-10 05:05:16,1975.0,b'{}'
1581321014071,2020-02-10 04:50:14,1974.0,b'{}'
1581320111161,2020-02-10 04:35:11,1973.0,b'{}'
1581319208880,2020-02-10 04:20:08,1972.0,b'{}'
1581318306960,2020-02-10 04:05:06,1971.0,b'{}'
1581318053358,2020-02-10 04:00:53,1970.0,b'{}'
1581317421016,2020-02-10 03:50:21,1969.0,b'{}'
1581316517883,2020-02-10 03:35:17,1968.0,b'{}'
1581315615972,2020-02-10 03:20:15,1967.0,b'{}'
1581314714803,2020-02-10 03:05:14,1966.0,b'{}'
1581313810892,2020-02-10 02:50:10,1965.0,b'{}'
1581312908881,2020-02-10 02:35:08,1964.0,b'{}'
1581312006875,2020-02-10 02:20:06,1963.0,b'{}'
1581311104506,2020-02-10 02:05:04,1962.0,b'{}'
1581310852071,2020-02-10 02:00:52,1961.0,b'{}'
1581310213830,2020-02-10 01:50:13,1960.0,b'{}'
1581309311197,2020-02-10 01:35:11,1959.0,b'{}'
1581308408164,2020-02-10 01:20:08,1958.0,b'{}'
1581307505682,2020-02-10 01:05:05,1957.0,b'{}'
1581307252987,2020-02-10 01:00:52,1956.0,b'{}'
1581306616138,2020-02-10 00:50:16,1955.0,b'{}'
1581305713725,2020-02-10 00:35:13,1954.0,b'{}'
1581304811289,2020-02-10 00:20:11,1953.0,b'{}'
1581303907218,2020-02-10 00:05:07,1952.0,b'{}'
1581303655024,2020-02-10 00:00:55,1951.0,b'{}'
1581303102612,2020-02-09 23:51:42,1950.0,b'{}'
1581302197802,2020-02-09 23:36:37,1949.0,b'{}'
1581301295023,2020-02-09 23:21:35,1948.0,b'{}'
1581300392810,2020-02-09 23:06:32,1947.0,b'{}'
1581299491647,2020-02-09 22:51:31,1946.0,b'{}'
1581298589283,2020-02-09 22:36:29,1945.0,b'{}'
1581297685756,2020-02-09 22:21:25,1944.0,b'{}'
1581296782736,2020-02-09 22:06:22,1943.0,b'{}'
1581295880815,2020-02-09 21:51:20,1942.0,b'{}'
1581294978799,2020-02-09 21:36:18,1941.0,b'{}'
1581294077234,2020-02-09 21:21:17,1940.0,b'{}'
1581293172733,2020-02-09 21:06:12,1939.0,b'{}'
1581292269952,2020-02-09 20:51:09,1938.0,b'{}'
1581291367730,2020-02-09 20:36:07,1937.0,b'{}'
1581290464625,2020-02-09 20:21:04,1936.0,b'{}'
1581289562857,2020-02-09 20:06:02,1935.0,b'{}'
1581288659643,2020-02-09 19:50:59,1934.0,b'{}'
1581287756607,2020-02-09 19:35:56,1933.0,b'{}'
1581286853764,2020-02-09 19:20:53,1932.0,b'{}'
1581285952624,2020-02-09 19:05:52,1931.0,b'{}'
1581285049557,2020-02-09 18:50:49,1930.0,b'{}'
1581284145921,2020-02-09 18:35:45,1929.0,b'{}'
1581283243669,2020-02-09 18:20:43,1928.0,b'{}'
1581282342384,2020-02-09 18:05:42,1927.0,b'{}'
1581281440557,2020-02-09 17:50:40,1926.0,b'{}'
1581280536749,2020-02-09 17:35:36,1925.0,b'{}'
1581279633677,2020-02-09 17:20:33,1924.0,b'{}'
1581278732400,2020-02-09 17:05:32,1923.0,b'{}'
1581277827796,2020-02-09 16:50:27,1922.0,b'{}'
1581276924681,2020-02-09 16:35:24,1921.0,b'{}'
1581276022708,2020-02-09 16:20:22,1920.0,b'{}'
1581275119701,2020-02-09 16:05:19,1919.0,b'{}'
1581274217480,2020-02-09 15:50:17,1918.0,b'{}'
1581273315576,2020-02-09 15:35:15,1917.0,b'{}'
1581272413548,2020-02-09 15:20:13,1916.0,b'{}'
1581271509686,2020-02-09 15:05:09,1915.0,b'{}'
1581270606509,2020-02-09 14:50:06,1914.0,b'{}'
1581269704592,2020-02-09 14:35:04,1913.0,b'{}'
1581268804212,2020-02-09 14:20:04,1912.0,b'{}'
1581267900524,2020-02-09 14:05:00,1911.0,b'{}'
1581266997589,2020-02-09 13:49:57,1910.0,b'{}'
1581266094538,2020-02-09 13:34:54,1909.0,b'{}'
1581265192932,2020-02-09 13:19:52,1908.0,b'{}'
1581264289736,2020-02-09 13:04:49,1907.0,b'{}'
1581263386630,2020-02-09 12:49:46,1906.0,b'{}'
1581262483596,2020-02-09 12:34:43,1905.0,b'{}'
1581261581460,2020-02-09 12:19:41,1904.0,b'{}'
1581260679483,2020-02-09 12:04:39,1903.0,b'{}'
1581259776489,2020-02-09 11:49:36,1902.0,b'{}'
1581258873434,2020-02-09 11:34:33,1901.0,b'{}'
1581257971447,2020-02-09 11:19:31,1900.0,b'{}'
1581257068404,2020-02-09 11:04:28,1899.0,b'{}'
1581256165544,2020-02-09 10:49:25,1898.0,b'{}'
1581255263316,2020-02-09 10:34:23,1897.0,b'{}'
1581254360448,2020-02-09 10:19:20,1896.0,b'{}'
1581253458390,2020-02-09 10:04:18,1895.0,b'{}'
1581252555395,2020-02-09 09:49:15,1894.0,b'{}'
1581251652362,2020-02-09 09:34:12,1893.0,b'{}'
1581250750332,2020-02-09 09:19:10,1892.0,b'{}'
1581249847546,2020-02-09 09:04:07,1891.0,b'{}'
1581248945259,2020-02-09 08:49:05,1890.0,b'{}'
1581248041481,2020-02-09 08:34:01,1889.0,b'{}'
1581247138468,2020-02-09 08:18:58,1888.0,b'{}'
1581246236286,2020-02-09 08:03:56,1887.0,b'{}'
1581245333305,2020-02-09 07:48:53,1886.0,b'{}'
1581244431299,2020-02-09 07:33:51,1885.0,b'{}'
1581243528421,2020-02-09 07:18:48,1884.0,b'{}'
1581242626354,2020-02-09 07:03:46,1883.0,b'{}'
1581241724305,2020-02-09 06:48:44,1882.0,b'{}'
1581240821572,2020-02-09 06:33:41,1881.0,b'{}'
1581239919175,2020-02-09 06:18:39,1880.0,b'{}'
1581239017475,2020-02-09 06:03:37,1879.0,b'{}'
1581238114214,2020-02-09 05:48:34,1878.0,b'{}'
1581237211502,2020-02-09 05:33:31,1877.0,b'{}'
1581236309269,2020-02-09 05:18:29,1876.0,b'{}'
1581235406306,2020-02-09 05:03:26,1875.0,b'{}'
1581234503223,2020-02-09 04:48:23,1874.0,b'{}'
1581233601316,2020-02-09 04:33:21,1873.0,b'{}'
1581232699366,2020-02-09 04:18:19,1872.0,b'{}'
1581231796301,2020-02-09 04:03:16,1871.0,b'{}'
1581230893624,2020-02-09 03:48:13,1870.0,b'{}'
1581229990608,2020-02-09 03:33:10,1869.0,b'{}'
1581229087182,2020-02-09 03:18:07,1868.0,b'{}'
1581228184265,2020-02-09 03:03:04,1867.0,b'{}'
1581227281185,2020-02-09 02:48:01,1866.0,b'{}'
1581226379148,2020-02-09 02:32:59,1865.0,b'{}'
1581225476647,2020-02-09 02:17:56,1864.0,b'{}'
1581224574167,2020-02-09 02:02:54,1863.0,b'{}'
1581223671441,2020-02-09 01:47:51,1862.0,b'{}'
1581222768369,2020-02-09 01:32:48,1861.0,b'{}'
1581221865174,2020-02-09 01:17:45,1860.0,b'{}'
1581220962148,2020-02-09 01:02:42,1859.0,b'{}'
1581220060174,2020-02-09 00:47:40,1858.0,b'{}'
1581219157146,2020-02-09 00:32:37,1857.0,b'{}'
1581218253978,2020-02-09 00:17:33,1856.0,b'{}'
1581217350082,2020-02-09 00:02:30,1855.0,b'{}'
1581216448111,2020-02-08 23:47:28,1854.0,b'{}'
1581215546126,2020-02-08 23:32:26,1853.0,b'{}'
1581214643561,2020-02-08 23:17:23,1852.0,b'{}'
1581213741101,2020-02-08 23:02:21,1851.0,b'{}'
1581212838048,2020-02-08 22:47:18,1850.0,b'{}'
1581211936185,2020-02-08 22:32:16,1849.0,b'{}'
1581211034181,2020-02-08 22:17:14,1848.0,b'{}'
1581210132074,2020-02-08 22:02:12,1847.0,b'{}'
1581209230006,2020-02-08 21:47:10,1846.0,b'{}'
1581208326097,2020-02-08 21:32:06,1845.0,b'{}'
1581207423029,2020-02-08 21:17:03,1844.0,b'{}'
1581206521038,2020-02-08 21:02:01,1843.0,b'{}'
1581205619595,2020-02-08 20:46:59,1842.0,b'{}'
1581204716208,2020-02-08 20:31:56,1841.0,b'{}'
1581203814576,2020-02-08 20:16:54,1840.0,b'{}'
1581202910966,2020-02-08 20:01:50,1839.0,b'{}'
1581202008163,2020-02-08 19:46:48,1838.0,b'{}'
1581201105161,2020-02-08 19:31:45,1836.0,b'{}'
1581199301923,2020-02-08 19:01:41,1835.0,b'{}'
1581198399826,2020-02-08 18:46:39,1834.0,b'{}'
1581197496882,2020-02-08 18:31:36,1833.0,b'{}'
1581196595073,2020-02-08 18:16:35,1832.0,b'{}'
1581195692844,2020-02-08 18:01:32,1831.0,b'{}'
1581194790431,2020-02-08 17:46:30,1830.0,b'{}'
1581193888086,2020-02-08 17:31:28,1829.0,b'{}'
1581192985043,2020-02-08 17:16:25,1828.0,b'{}'
1581192081941,2020-02-08 17:01:21,1827.0,b'{}'
1581191179851,2020-02-08 16:46:19,1826.0,b'{}'
1581190276817,2020-02-08 16:31:16,1825.0,b'{}'
1581189374816,2020-02-08 16:16:14,1824.0,b'{}'
1581188471968,2020-02-08 16:01:11,1823.0,b'{}'
1581187569244,2020-02-08 15:46:09,1822.0,b'{}'
1581186666939,2020-02-08 15:31:06,1821.0,b'{}'
1581185764018,2020-02-08 15:16:04,1820.0,b'{}'
1581184860944,2020-02-08 15:01:00,1819.0,b'{}'
1581183958870,2020-02-08 14:45:58,1818.0,b'{}'
1581183055981,2020-02-08 14:30:55,1817.0,b'{}'
1581182153934,2020-02-08 14:15:53,1816.0,b'{}'
1581181252350,2020-02-08 14:00:52,1815.0,b'{}'
1581180349853,2020-02-08 13:45:49,1814.0,b'{}'
1581179447743,2020-02-08 13:30:47,1813.0,b'{}'
1581178545729,2020-02-08 13:15:45,1812.0,b'{}'
1581177641885,2020-02-08 13:00:41,1811.0,b'{}'
1581176740590,2020-02-08 12:45:40,1810.0,b'{}'
1581175836758,2020-02-08 12:30:36,1809.0,b'{}'
1581174934794,2020-02-08 12:15:34,1808.0,b'{}'
1581174031800,2020-02-08 12:00:31,1807.0,b'{}'
1581173129234,2020-02-08 11:45:29,1806.0,b'{}'
1581172225733,2020-02-08 11:30:25,1805.0,b'{}'
1581171323754,2020-02-08 11:15:23,1804.0,b'{}'
1581170420894,2020-02-08 11:00:20,1803.0,b'{}'
1581169518634,2020-02-08 10:45:18,1802.0,b'{}'
1581168616678,2020-02-08 10:30:16,1801.0,b'{}'
1581167714572,2020-02-08 10:15:14,1800.0,b'{}'
1581166812615,2020-02-08 10:00:12,1799.0,b'{}'
1581165909692,2020-02-08 09:45:09,1798.0,b'{}'
1581165006766,2020-02-08 09:30:06,1797.0,b'{}'
1581164103686,2020-02-08 09:15:03,1796.0,b'{}'
1581163201574,2020-02-08 09:00:01,1795.0,b'{}'
1581162298861,2020-02-08 08:44:58,1794.0,b'{}'
1581161396596,2020-02-08 08:29:56,1793.0,b'{}'
1581160493577,2020-02-08 08:14:53,1792.0,b'{}'
1581159590713,2020-02-08 07:59:50,1791.0,b'{}'
1581158687696,2020-02-08 07:44:47,1790.0,b'{}'
1581157784629,2020-02-08 07:29:44,1789.0,b'{}'
1581156882598,2020-02-08 07:14:42,1788.0,b'{}'
1581155979527,2020-02-08 06:59:39,1787.0,b'{}'
1581155076870,2020-02-08 06:44:36,1786.0,b'{}'
1581154173768,2020-02-08 06:29:33,1785.0,b'{}'
1581153271669,2020-02-08 06:14:31,1784.0,b'{}'
1581152369463,2020-02-08 05:59:29,1783.0,b'{}'
1581151467570,2020-02-08 05:44:27,1782.0,b'{}'
1581150564848,2020-02-08 05:29:24,1781.0,b'{}'
1581149662489,2020-02-08 05:14:22,1780.0,b'{}'
1581148760584,2020-02-08 04:59:20,1779.0,b'{}'
1581147858421,2020-02-08 04:44:18,1778.0,b'{}'
1581146955672,2020-02-08 04:29:15,1777.0,b'{}'
1581146053639,2020-02-08 04:14:13,1776.0,b'{}'
1581145151577,2020-02-08 03:59:11,1775.0,b'{}'
1581144248530,2020-02-08 03:44:08,1774.0,b'{}'
1581143345745,2020-02-08 03:29:05,1773.0,b'{}'
1581142442739,2020-02-08 03:14:02,1772.0,b'{}'
1581141540556,2020-02-08 02:59:00,1771.0,b'{}'
1581140638458,2020-02-08 02:43:58,1770.0,b'{}'
1581139735697,2020-02-08 02:28:55,1769.0,b'{}'
1581138832537,2020-02-08 02:13:52,1768.0,b'{}'
1581137930520,2020-02-08 01:58:50,1767.0,b'{}'
1581137028605,2020-02-08 01:43:48,1766.0,b'{}'
1581136125590,2020-02-08 01:28:45,1765.0,b'{}'
1581135222672,2020-02-08 01:13:42,1764.0,b'{}'
1581134319476,2020-02-08 00:58:39,1763.0,b'{}'
1581133417520,2020-02-08 00:43:37,1762.0,b'{}'
1581132514580,2020-02-08 00:28:34,1761.0,b'{}'
1581131612452,2020-02-08 00:13:32,1760.0,b'{}'
1581130709468,2020-02-07 23:58:29,1759.0,b'{}'
1581129807487,2020-02-07 23:43:27,1758.0,b'{}'
1581128905408,2020-02-07 23:28:25,1757.0,b'{}'
1581128003428,2020-02-07 23:13:23,1756.0,b'{}'
1581127101439,2020-02-07 22:58:21,1755.0,b'{}'
1581126198917,2020-02-07 22:43:18,1754.0,b'{}'
1581125296562,2020-02-07 22:28:16,1753.0,b'{}'
1581124394437,2020-02-07 22:13:14,1752.0,b'{}'
1581123492383,2020-02-07 21:58:12,1751.0,b'{}'
1581122590302,2020-02-07 21:43:10,1750.0,b'{}'
1581121689258,2020-02-07 21:28:09,1749.0,b'{}'
1581120785324,2020-02-07 21:13:05,1748.0,b'{}'
1581119882816,2020-02-07 20:58:02,1747.0,b'{}'
1581118980136,2020-02-07 20:43:00,1746.0,b'{}'
1581118076247,2020-02-07 20:27:56,1745.0,b'{}'
1581117174224,2020-02-07 20:12:54,1744.0,b'{}'
1581116271592,2020-02-07 19:57:51,1743.0,b'{}'
1581115368365,2020-02-07 19:42:48,1742.0,b'{}'
1581114466423,2020-02-07 19:27:46,1741.0,b'{}'
1581113565199,2020-02-07 19:12:45,1740.0,b'{}'
1581112661503,2020-02-07 18:57:41,1739.0,b'{}'
1581111759168,2020-02-07 18:42:39,1738.0,b'{}'
1581110856447,2020-02-07 18:27:36,1737.0,b'{}'
1581109953533,2020-02-07 18:12:33,1736.0,b'{}'
1581109052118,2020-02-07 17:57:32,1735.0,b'{}'
1581108149082,2020-02-07 17:42:29,1733.0,b'{}'
1581106343227,2020-02-07 17:12:23,1732.0,b'{}'
1581105440156,2020-02-07 16:57:20,1731.0,b'{}'
1581104538997,2020-02-07 16:42:18,1730.0,b'{}'
1581103635407,2020-02-07 16:27:15,1729.0,b'{}'
1581102733206,2020-02-07 16:12:13,1728.0,b'{}'
1581101831112,2020-02-07 15:57:11,1727.0,b'{}'
1581100929119,2020-02-07 15:42:09,1726.0,b'{}'
1581100026261,2020-02-07 15:27:06,1725.0,b'{}'
1581099125692,2020-02-07 15:12:05,1724.0,b'{}'
1581098221091,2020-02-07 14:57:01,1723.0,b'{}'
1581097318273,2020-02-07 14:41:58,1722.0,b'{}'
1581096415153,2020-02-07 14:26:55,1721.0,b'{}'
1581095512197,2020-02-07 14:11:52,1720.0,b'{}'
1581094610171,2020-02-07 13:56:50,1719.0,b'{}'
1581093707094,2020-02-07 13:41:47,1718.0,b'{}'
1581092805225,2020-02-07 13:26:45,1717.0,b'{}'
1581091902162,2020-02-07 13:11:42,1716.0,b'{}'
1581090999019,2020-02-07 12:56:39,1715.0,b'{}'
1581090097039,2020-02-07 12:41:37,1714.0,b'{}'
1581089195167,2020-02-07 12:26:35,1713.0,b'{}'
1581088293053,2020-02-07 12:11:33,1712.0,b'{}'
1581087390260,2020-02-07 11:56:30,1711.0,b'{}'
1581086488011,2020-02-07 11:41:28,1710.0,b'{}'
1581085586063,2020-02-07 11:26:26,1709.0,b'{}'
1581084683938,2020-02-07 11:11:23,1708.0,b'{}'
1581083780902,2020-02-07 10:56:20,1707.0,b'{}'
1581082879290,2020-02-07 10:41:19,1706.0,b'{}'
1581081977363,2020-02-07 10:26:17,1705.0,b'{}'
1581081074757,2020-02-07 10:11:14,1704.0,b'{}'
1581080171347,2020-02-07 09:56:11,1703.0,b'{}'
1581079268929,2020-02-07 09:41:08,1702.0,b'{}'
1581078365213,2020-02-07 09:26:05,1701.0,b'{}'
1581077463270,2020-02-07 09:11:03,1700.0,b'{}'
1581076560331,2020-02-07 08:56:00,1699.0,b'{}'
1581075658355,2020-02-07 08:40:58,1698.0,b'{}'
1581074755939,2020-02-07 08:25:55,1697.0,b'{}'
1581073853076,2020-02-07 08:10:53,1696.0,b'{}'
1581072950934,2020-02-07 07:55:50,1695.0,b'{}'
1581072048972,2020-02-07 07:40:48,1694.0,b'{}'
1581071146130,2020-02-07 07:25:46,1693.0,b'{}'
1581070244047,2020-02-07 07:10:44,1692.0,b'{}'
1581069341123,2020-02-07 06:55:41,1691.0,b'{}'
1581068438829,2020-02-07 06:40:38,1690.0,b'{}'
1581067536084,2020-02-07 06:25:36,1689.0,b'{}'
1581066632980,2020-02-07 06:10:32,1688.0,b'{}'
1581065730849,2020-02-07 05:55:30,1687.0,b'{}'
1581064828895,2020-02-07 05:40:28,1686.0,b'{}'
1581063927005,2020-02-07 05:25:27,1685.0,b'{}'
1581063024941,2020-02-07 05:10:24,1684.0,b'{}'
1581062121933,2020-02-07 04:55:21,1683.0,b'{}'
1581061220810,2020-02-07 04:40:20,1682.0,b'{}'
1581060318058,2020-02-07 04:25:18,1681.0,b'{}'
1581059415975,2020-02-07 04:10:15,1680.0,b'{}'
1581058513587,2020-02-07 03:55:13,1679.0,b'{}'
1581057609839,2020-02-07 03:40:09,1678.0,b'{}'
1581056707979,2020-02-07 03:25:07,1677.0,b'{}'
1581055805855,2020-02-07 03:10:05,1676.0,b'{}'
1581054902939,2020-02-07 02:55:02,1675.0,b'{}'
1581054000632,2020-02-07 02:40:00,1674.0,b'{}'
1581053097932,2020-02-07 02:24:57,1673.0,b'{}'
1581052194904,2020-02-07 02:09:54,1672.0,b'{}'
1581051291783,2020-02-07 01:54:51,1671.0,b'{}'
1581050389807,2020-02-07 01:39:49,1670.0,b'{}'
1581049486966,2020-02-07 01:24:46,1669.0,b'{}'
1581048591831,2020-02-07 01:09:51,1668.0,b'{}'
1581047681852,2020-02-07 00:54:41,1667.0,b'{}'
1581046779731,2020-02-07 00:39:39,1666.0,b'{}'
1581045877802,2020-02-07 00:24:37,1665.0,b'{}'
1581044975714,2020-02-07 00:09:35,1664.0,b'{}'
1581044073848,2020-02-06 23:54:33,1663.0,b'{}'
1581043171768,2020-02-06 23:39:31,1662.0,b'{}'
1581042268782,2020-02-06 23:24:28,1661.0,b'{}'
1581041366163,2020-02-06 23:09:26,1660.0,b'{}'
1581040463749,2020-02-06 22:54:23,1659.0,b'{}'
1581039561649,2020-02-06 22:39:21,1658.0,b'{}'
1581038659695,2020-02-06 22:24:19,1657.0,b'{}'
1581037757819,2020-02-06 22:09:17,1656.0,b'{}'
1581036854703,2020-02-06 21:54:14,1655.0,b'{}'
1581035952852,2020-02-06 21:39:12,1654.0,b'{}'
1581035049655,2020-02-06 21:24:09,1653.0,b'{}'
1581034147789,2020-02-06 21:09:07,1652.0,b'{}'
1581033245587,2020-02-06 20:54:05,1651.0,b'{}'
1581032343500,2020-02-06 20:39:03,1650.0,b'{}'
1581031439812,2020-02-06 20:23:59,1649.0,b'{}'
1581030538441,2020-02-06 20:08:58,1648.0,b'{}'
1581029634713,2020-02-06 19:53:54,1647.0,b'{}'
1581028734575,2020-02-06 19:38:54,1645.0,b'{}'
1581026927083,2020-02-06 19:08:47,1644.0,b'{}'
1581026022837,2020-02-06 18:53:42,1642.0,b'{}'
1581024218589,2020-02-06 18:23:38,1641.0,b'{}'
1581023317728,2020-02-06 18:08:37,1640.0,b'{}'
1581022413813,2020-02-06 17:53:33,1639.0,b'{}'
1581021511012,2020-02-06 17:38:31,1638.0,b'{}'
1581020608557,2020-02-06 17:23:28,1637.0,b'{}'
1581019706550,2020-02-06 17:08:26,1636.0,b'{}'
1581018804873,2020-02-06 16:53:24,1635.0,b'{}'
1581017902610,2020-02-06 16:38:22,1634.0,b'{}'
1581017002884,2020-02-06 16:23:22,1633.0,b'{}'
1581016100232,2020-02-06 16:08:20,1632.0,b'{}'
1581015195453,2020-02-06 15:53:15,1631.0,b'{}'
1581014291505,2020-02-06 15:38:11,1630.0,b'{}'
1581013388559,2020-02-06 15:23:08,1628.0,b'{}'
1581011585463,2020-02-06 14:53:05,1627.0,b'{}'
1581010682450,2020-02-06 14:38:02,1626.0,b'{}'
1581009778638,2020-02-06 14:22:58,1625.0,b'{}'
1581008875661,2020-02-06 14:07:55,1624.0,b'{}'
1581007972666,2020-02-06 13:52:52,1622.0,b'{}'
1581006167845,2020-02-06 13:22:47,1621.0,b'{}'
1581005264570,2020-02-06 13:07:44,1620.0,b'{}'
1581004362623,2020-02-06 12:52:42,1619.0,b'{}'
1581003459838,2020-02-06 12:37:39,1618.0,b'{}'
1581002556537,2020-02-06 12:22:36,1617.0,b'{}'
1581001656064,2020-02-06 12:07:36,1616.0,b'{}'
1581000750722,2020-02-06 11:52:30,1615.0,b'{}'
1580999847577,2020-02-06 11:37:27,1614.0,b'{}'
1580998945455,2020-02-06 11:22:25,1613.0,b'{}'
1580998042489,2020-02-06 11:07:22,1612.0,b'{}'
1580997140475,2020-02-06 10:52:20,1611.0,b'{}'
1580996238496,2020-02-06 10:37:18,1610.0,b'{}'
1580995335436,2020-02-06 10:22:15,1609.0,b'{}'
1580994432670,2020-02-06 10:07:12,1608.0,b'{}'
1580993530471,2020-02-06 09:52:10,1607.0,b'{}'
1580992627409,2020-02-06 09:37:07,1606.0,b'{}'
1580991724477,2020-02-06 09:22:04,1605.0,b'{}'
1580990822245,2020-02-06 09:07:02,1604.0,b'{}'
1580989920390,2020-02-06 08:52:00,1603.0,b'{}'
1580989017360,2020-02-06 08:36:57,1602.0,b'{}'
1580988114246,2020-02-06 08:21:54,1601.0,b'{}'
1580987212216,2020-02-06 08:06:52,1600.0,b'{}'
1580986309343,2020-02-06 07:51:49,1599.0,b'{}'
1580985406304,2020-02-06 07:36:46,1598.0,b'{}'
1580984503757,2020-02-06 07:21:43,1597.0,b'{}'
1580983602208,2020-02-06 07:06:42,1596.0,b'{}'
1580982698234,2020-02-06 06:51:38,1595.0,b'{}'
1580981796275,2020-02-06 06:36:36,1594.0,b'{}'
1580980894441,2020-02-06 06:21:34,1593.0,b'{}'
1580979990390,2020-02-06 06:06:30,1592.0,b'{}'
1580979088212,2020-02-06 05:51:28,1591.0,b'{}'
1580978186433,2020-02-06 05:36:26,1590.0,b'{}'
1580977283219,2020-02-06 05:21:23,1589.0,b'{}'
1580976380367,2020-02-06 05:06:20,1588.0,b'{}'
1580975478414,2020-02-06 04:51:18,1587.0,b'{}'
1580974576528,2020-02-06 04:36:16,1586.0,b'{}'
1580973674447,2020-02-06 04:21:14,1585.0,b'{}'
1580972771309,2020-02-06 04:06:11,1584.0,b'{}'
1580971868639,2020-02-06 03:51:08,1583.0,b'{}'
1580970966201,2020-02-06 03:36:06,1582.0,b'{}'
1580970065107,2020-02-06 03:21:05,1581.0,b'{}'
1580969162192,2020-02-06 03:06:02,1580.0,b'{}'
1580968260251,2020-02-06 02:51:00,1579.0,b'{}'
1580967358339,2020-02-06 02:35:58,1578.0,b'{}'
1580966455495,2020-02-06 02:20:55,1577.0,b'{}'
1580965552326,2020-02-06 02:05:52,1576.0,b'{}'
1580964649253,2020-02-06 01:50:49,1575.0,b'{}'
1580963767533,2020-02-06 01:36:07,1574.0,b'{}'
1580962843212,2020-02-06 01:20:43,1573.0,b'{}'
1580961941285,2020-02-06 01:05:41,1572.0,b'{}'
1580961039414,2020-02-06 00:50:39,1571.0,b'{}'
1580960135364,2020-02-06 00:35:35,1570.0,b'{}'
1580959232294,2020-02-06 00:20:32,1569.0,b'{}'
1580958329169,2020-02-06 00:05:29,1568.0,b'{}'
1580957426218,2020-02-05 23:50:26,1567.0,b'{}'
1580956523214,2020-02-05 23:35:23,1566.0,b'{}'
1580955620153,2020-02-05 23:20:20,1565.0,b'{}'
1580954718990,2020-02-05 23:05:18,1564.0,b'{}'
1580953815231,2020-02-05 22:50:15,1563.0,b'{}'
1580952913065,2020-02-05 22:35:13,1562.0,b'{}'
1580952010147,2020-02-05 22:20:10,1561.0,b'{}'
1580951107104,2020-02-05 22:05:07,1560.0,b'{}'
1580950205066,2020-02-05 21:50:05,1559.0,b'{}'
1580949303141,2020-02-05 21:35:03,1558.0,b'{}'
1580948400083,2020-02-05 21:20:00,1557.0,b'{}'
1580947497944,2020-02-05 21:04:57,1556.0,b'{}'
1580946594593,2020-02-05 20:49:54,1555.0,b'{}'
1580945691154,2020-02-05 20:34:51,1554.0,b'{}'
1580944788077,2020-02-05 20:19:48,1553.0,b'{}'
1580943885280,2020-02-05 20:04:45,1552.0,b'{}'
1580942983117,2020-02-05 19:49:43,1551.0,b'{}'
1580942079989,2020-02-05 19:34:39,1550.0,b'{}'
1580941178018,2020-02-05 19:19:38,1549.0,b'{}'
1580940277707,2020-02-05 19:04:37,1548.0,b'{}'
1580939373965,2020-02-05 18:49:33,1547.0,b'{}'
1580938471774,2020-02-05 18:34:31,1546.0,b'{}'
1580937568104,2020-02-05 18:19:28,1545.0,b'{}'
1580936666008,2020-02-05 18:04:26,1544.0,b'{}'
1580935763115,2020-02-05 17:49:23,1542.0,b'{}'
1580933957202,2020-02-05 17:19:17,1541.0,b'{}'
1580933055184,2020-02-05 17:04:15,1539.0,b'{}'
1580931250653,2020-02-05 16:34:10,1538.0,b'{}'
1580930346159,2020-02-05 16:19:06,1537.0,b'{}'
1580929444030,2020-02-05 16:04:04,1536.0,b'{}'
1580928542111,2020-02-05 15:49:02,1535.0,b'{}'
1580927638894,2020-02-05 15:33:58,1534.0,b'{}'
1580926736016,2020-02-05 15:18:56,1533.0,b'{}'
1580925834658,2020-02-05 15:03:54,1531.0,b'{}'
1580924028073,2020-02-05 14:33:48,1530.0,b'{}'
1580923125894,2020-02-05 14:18:45,1529.0,b'{}'
1580922223828,2020-02-05 14:03:43,1528.0,b'{}'
1580921320985,2020-02-05 13:48:40,1527.0,b'{}'
1580920418856,2020-02-05 13:33:38,1526.0,b'{}'
1580919516883,2020-02-05 13:18:36,1525.0,b'{}'
1580918615712,2020-02-05 13:03:35,1524.0,b'{}'
1580917712052,2020-02-05 12:48:32,1523.0,b'{}'
1580916809545,2020-02-05 12:33:29,1522.0,b'{}'
1580915906782,2020-02-05 12:18:26,1521.0,b'{}'
1580915005682,2020-02-05 12:03:25,1520.0,b'{}'
1580914101842,2020-02-05 11:48:21,1519.0,b'{}'
1580913199777,2020-02-05 11:33:19,1518.0,b'{}'
1580912296920,2020-02-05 11:18:16,1517.0,b'{}'
1580911393743,2020-02-05 11:03:13,1516.0,b'{}'
1580910491715,2020-02-05 10:48:11,1515.0,b'{}'
1580909588771,2020-02-05 10:33:08,1514.0,b'{}'
1580908685867,2020-02-05 10:18:05,1513.0,b'{}'
1580907782662,2020-02-05 10:03:02,1512.0,b'{}'
1580906879913,2020-02-05 09:47:59,1511.0,b'{}'
1580905977820,2020-02-05 09:32:57,1510.0,b'{}'
1580905074821,2020-02-05 09:17:54,1509.0,b'{}'
1580904172698,2020-02-05 09:02:52,1508.0,b'{}'
1580903269645,2020-02-05 08:47:49,1507.0,b'{}'
1580902367727,2020-02-05 08:32:47,1506.0,b'{}'
1580901465732,2020-02-05 08:17:45,1505.0,b'{}'
1580900564352,2020-02-05 08:02:44,1504.0,b'{}'
1580899660771,2020-02-05 07:47:40,1503.0,b'{}'
1580898757702,2020-02-05 07:32:37,1502.0,b'{}'
1580897854838,2020-02-05 07:17:34,1501.0,b'{}'
1580896951766,2020-02-05 07:02:31,1500.0,b'{}'
1580896049745,2020-02-05 06:47:29,1499.0,b'{}'
1580895146753,2020-02-05 06:32:26,1498.0,b'{}'
1580894244732,2020-02-05 06:17:24,1497.0,b'{}'
1580893342649,2020-02-05 06:02:22,1496.0,b'{}'
1580892440609,2020-02-05 05:47:20,1495.0,b'{}'
1580891537885,2020-02-05 05:32:17,1494.0,b'{}'
1580890635719,2020-02-05 05:17:15,1493.0,b'{}'
1580889733498,2020-02-05 05:02:13,1492.0,b'{}'
1580888829722,2020-02-05 04:47:09,1491.0,b'{}'
1580887927716,2020-02-05 04:32:07,1490.0,b'{}'
1580887024694,2020-02-05 04:17:04,1489.0,b'{}'
1580886123589,2020-02-05 04:02:03,1488.0,b'{}'
1580885219641,2020-02-05 03:46:59,1487.0,b'{}'
1580884317625,2020-02-05 03:31:57,1486.0,b'{}'
1580883415659,2020-02-05 03:16:55,1485.0,b'{}'
1580882513622,2020-02-05 03:01:53,1484.0,b'{}'
1580881610647,2020-02-05 02:46:50,1483.0,b'{}'
1580880707794,2020-02-05 02:31:47,1482.0,b'{}'
1580879805578,2020-02-05 02:16:45,1481.0,b'{}'
1580878903609,2020-02-05 02:01:43,1480.0,b'{}'
1580878001507,2020-02-05 01:46:41,1479.0,b'{}'
1580877100061,2020-02-05 01:31:40,1478.0,b'{}'
1580876196855,2020-02-05 01:16:36,1477.0,b'{}'
1580875294900,2020-02-05 01:01:34,1476.0,b'{}'
1580874391672,2020-02-05 00:46:31,1475.0,b'{}'
1580873488633,2020-02-05 00:31:28,1474.0,b'{}'
1580872585544,2020-02-05 00:16:25,1473.0,b'{}'
1580871682801,2020-02-05 00:01:22,1472.0,b'{}'
1580870780508,2020-02-04 23:46:20,1471.0,b'{}'
1580869878516,2020-02-04 23:31:18,1470.0,b'{}'
1580868975496,2020-02-04 23:16:15,1469.0,b'{}'
1580868073565,2020-02-04 23:01:13,1468.0,b'{}'
1580867171501,2020-02-04 22:46:11,1467.0,b'{}'
1580866268684,2020-02-04 22:31:08,1466.0,b'{}'
1580865366509,2020-02-04 22:16:06,1465.0,b'{}'
1580864464525,2020-02-04 22:01:04,1464.0,b'{}'
1580863561426,2020-02-04 21:46:01,1463.0,b'{}'
1580862659024,2020-02-04 21:30:59,1462.0,b'{}'
1580861756469,2020-02-04 21:15:56,1461.0,b'{}'
1580860854516,2020-02-04 21:00:54,1460.0,b'{}'
1580859951746,2020-02-04 20:45:51,1459.0,b'{}'
1580859050350,2020-02-04 20:30:50,1458.0,b'{}'
1580858148187,2020-02-04 20:15:48,1457.0,b'{}'
1580857244356,2020-02-04 20:00:44,1456.0,b'{}'
1580856341685,2020-02-04 19:45:41,1455.0,b'{}'
1580855438489,2020-02-04 19:30:38,1454.0,b'{}'
1580854536142,2020-02-04 19:15:36,1453.0,b'{}'
1580853633472,2020-02-04 19:00:33,1450.0,b'{}'
1580850924642,2020-02-04 18:15:24,1449.0,b'{}'
1580850022336,2020-02-04 18:00:22,1448.0,b'{}'
1580849120262,2020-02-04 17:45:20,1447.0,b'{}'
1580848217350,2020-02-04 17:30:17,1445.0,b'{}'
1580846413238,2020-02-04 17:00:13,1444.0,b'{}'
1580845510407,2020-02-04 16:45:10,1443.0,b'{}'
1580844607515,2020-02-04 16:30:07,1442.0,b'{}'
1580843705240,2020-02-04 16:15:05,1441.0,b'{}'
1580842804280,2020-02-04 16:00:04,1440.0,b'{}'
1580841899461,2020-02-04 15:44:59,1439.0,b'{}'
1580840998123,2020-02-04 15:29:58,1438.0,b'{}'
1580840094295,2020-02-04 15:14:54,1437.0,b'{}'
1580839192422,2020-02-04 14:59:52,1436.0,b'{}'
1580838290153,2020-02-04 14:44:50,1435.0,b'{}'
1580837390671,2020-02-04 14:29:50,1434.0,b'{}'
1580836485363,2020-02-04 14:14:45,1433.0,b'{}'
1580835583163,2020-02-04 13:59:43,1432.0,b'{}'
1580834680229,2020-02-04 13:44:40,1431.0,b'{}'
1580833777300,2020-02-04 13:29:37,1430.0,b'{}'
1580832874235,2020-02-04 13:14:34,1429.0,b'{}'
1580831973130,2020-02-04 12:59:33,1428.0,b'{}'
1580831068307,2020-02-04 12:44:28,1427.0,b'{}'
1580830166298,2020-02-04 12:29:26,1426.0,b'{}'
1580829264156,2020-02-04 12:14:24,1425.0,b'{}'
1580828362065,2020-02-04 11:59:22,1424.0,b'{}'
1580827458249,2020-02-04 11:44:18,1423.0,b'{}'
1580826555213,2020-02-04 11:29:15,1422.0,b'{}'
1580825653140,2020-02-04 11:14:13,1421.0,b'{}'
1580824752048,2020-02-04 10:59:12,1420.0,b'{}'
1580823859448,2020-02-04 10:44:19,1419.0,b'{}'
1580822946082,2020-02-04 10:29:06,1418.0,b'{}'
1580822044142,2020-02-04 10:14:04,1417.0,b'{}'
1580821142351,2020-02-04 09:59:02,1416.0,b'{}'
1580820239366,2020-02-04 09:43:59,1415.0,b'{}'
1580819336333,2020-02-04 09:28:56,1414.0,b'{}'
1580818433109,2020-02-04 09:13:53,1413.0,b'{}'
1580817530273,2020-02-04 08:58:50,1412.0,b'{}'
1580816627120,2020-02-04 08:43:47,1411.0,b'{}'
1580815724448,2020-02-04 08:28:44,1410.0,b'{}'
1580814821012,2020-02-04 08:13:41,1409.0,b'{}'
1580813918081,2020-02-04 07:58:38,1408.0,b'{}'
1580813016095,2020-02-04 07:43:36,1407.0,b'{}'
1580812113226,2020-02-04 07:28:33,1406.0,b'{}'
1580811211183,2020-02-04 07:13:31,1405.0,b'{}'
1580810308135,2020-02-04 06:58:28,1404.0,b'{}'
1580809405118,2020-02-04 06:43:25,1403.0,b'{}'
1580808502352,2020-02-04 06:28:22,1402.0,b'{}'
1580807610034,2020-02-04 06:13:30,1401.0,b'{}'
1580806696039,2020-02-04 05:58:16,1400.0,b'{}'
1580805793044,2020-02-04 05:43:13,1399.0,b'{}'
1580804891153,2020-02-04 05:28:11,1398.0,b'{}'
1580803988952,2020-02-04 05:13:08,1397.0,b'{}'
1580803086218,2020-02-04 04:58:06,1396.0,b'{}'
1580802183915,2020-02-04 04:43:03,1395.0,b'{}'
1580801280916,2020-02-04 04:28:00,1394.0,b'{}'
1580800378960,2020-02-04 04:12:58,1393.0,b'{}'
1580799476995,2020-02-04 03:57:56,1392.0,b'{}'
1580798574027,2020-02-04 03:42:54,1391.0,b'{}'
1580797670984,2020-02-04 03:27:50,1390.0,b'{}'
1580796768115,2020-02-04 03:12:48,1389.0,b'{}'
1580795866804,2020-02-04 02:57:46,1388.0,b'{}'
1580794963844,2020-02-04 02:42:43,1387.0,b'{}'
1580794060889,2020-02-04 02:27:40,1386.0,b'{}'
1580793158100,2020-02-04 02:12:38,1385.0,b'{}'
1580792255932,2020-02-04 01:57:35,1384.0,b'{}'
1580791353879,2020-02-04 01:42:33,1383.0,b'{}'
1580790451122,2020-02-04 01:27:31,1382.0,b'{}'
1580789548934,2020-02-04 01:12:28,1381.0,b'{}'
1580788646239,2020-02-04 00:57:26,1380.0,b'{}'
1580787743853,2020-02-04 00:42:23,1379.0,b'{}'
1580786841041,2020-02-04 00:27:21,1378.0,b'{}'
1580785938938,2020-02-04 00:12:18,1377.0,b'{}'
1580785036100,2020-02-03 23:57:16,1376.0,b'{}'
1580784133269,2020-02-03 23:42:13,1375.0,b'{}'
1580783230513,2020-02-03 23:27:10,1374.0,b'{}'
1580782327049,2020-02-03 23:12:07,1373.0,b'{}'
1580781425258,2020-02-03 22:57:05,1372.0,b'{}'
1580780523158,2020-02-03 22:42:03,1371.0,b'{}'
1580779620779,2020-02-03 22:27:00,1370.0,b'{}'
1580778717911,2020-02-03 22:11:57,1369.0,b'{}'
1580777815932,2020-02-03 21:56:55,1368.0,b'{}'
1580776913869,2020-02-03 21:41:53,1367.0,b'{}'
1580776010982,2020-02-03 21:26:50,1366.0,b'{}'
1580775108886,2020-02-03 21:11:48,1365.0,b'{}'
1580774205786,2020-02-03 20:56:45,1364.0,b'{}'
1580773303132,2020-02-03 20:41:43,1363.0,b'{}'
1580772400979,2020-02-03 20:26:40,1362.0,b'{}'
1580771498766,2020-02-03 20:11:38,1361.0,b'{}'
1580770597710,2020-02-03 19:56:37,1360.0,b'{}'
1580769694817,2020-02-03 19:41:34,1359.0,b'{}'
1580768792039,2020-02-03 19:26:32,1358.0,b'{}'
1580767889164,2020-02-03 19:11:29,1357.0,b'{}'
1580766986611,2020-02-03 18:56:26,1356.0,b'{}'
1580766082923,2020-02-03 18:41:22,1355.0,b'{}'
1580765180718,2020-02-03 18:26:20,1354.0,b'{}'
1580764278753,2020-02-03 18:11:18,1353.0,b'{}'
1580763377700,2020-02-03 17:56:17,1352.0,b'{}'
1580762474632,2020-02-03 17:41:14,1351.0,b'{}'
1580761571685,2020-02-03 17:26:11,1350.0,b'{}'
1580760669798,2020-02-03 17:11:09,1349.0,b'{}'
1580759768426,2020-02-03 16:56:08,1348.0,b'{}'
1580758867509,2020-02-03 16:41:07,1347.0,b'{}'
1580757964538,2020-02-03 16:26:04,1346.0,b'{}'
1580757061217,2020-02-03 16:11:01,1345.0,b'{}'
1580756157789,2020-02-03 15:55:57,1344.0,b'{}'
1580755255714,2020-02-03 15:40:55,1343.0,b'{}'
1580754354458,2020-02-03 15:25:54,1342.0,b'{}'
1580753449724,2020-02-03 15:10:49,1341.0,b'{}'
1580752547551,2020-02-03 14:55:47,1340.0,b'{}'
1580751644624,2020-02-03 14:40:44,1339.0,b'{}'
1580750743551,2020-02-03 14:25:43,1338.0,b'{}'
1580749839660,2020-02-03 14:10:39,1337.0,b'{}'
1580748939282,2020-02-03 13:55:39,1336.0,b'{}'
1580748034755,2020-02-03 13:40:34,1335.0,b'{}'
1580747134316,2020-02-03 13:25:34,1334.0,b'{}'
1580746230506,2020-02-03 13:10:30,1333.0,b'{}'
1580745328958,2020-02-03 12:55:28,1332.0,b'{}'
1580744424633,2020-02-03 12:40:24,1331.0,b'{}'
1580743522608,2020-02-03 12:25:22,1330.0,b'{}'
1580742619654,2020-02-03 12:10:19,1329.0,b'{}'
1580741716676,2020-02-03 11:55:16,1328.0,b'{}'
1580740813939,2020-02-03 11:40:13,1327.0,b'{}'
1580739911459,2020-02-03 11:25:11,1326.0,b'{}'
1580739009572,2020-02-03 11:10:09,1325.0,b'{}'
1580738106735,2020-02-03 10:55:06,1324.0,b'{}'
1580737203563,2020-02-03 10:40:03,1323.0,b'{}'
1580736301135,2020-02-03 10:25:01,1322.0,b'{}'
1580735398422,2020-02-03 10:09:58,1321.0,b'{}'
1580734496546,2020-02-03 09:54:56,1320.0,b'{}'
1580733593662,2020-02-03 09:39:53,1319.0,b'{}'
1580732690579,2020-02-03 09:24:50,1318.0,b'{}'
1580731788412,2020-02-03 09:09:48,1317.0,b'{}'
1580730886669,2020-02-03 08:54:46,1316.0,b'{}'
1580729983504,2020-02-03 08:39:43,1315.0,b'{}'
1580729080617,2020-02-03 08:24:40,1314.0,b'{}'
1580728179257,2020-02-03 08:09:39,1313.0,b'{}'
1580727276426,2020-02-03 07:54:36,1312.0,b'{}'
1580726374408,2020-02-03 07:39:34,1311.0,b'{}'
1580725471415,2020-02-03 07:24:31,1310.0,b'{}'
1580724569533,2020-02-03 07:09:29,1309.0,b'{}'
1580723667420,2020-02-03 06:54:27,1308.0,b'{}'
1580722764746,2020-02-03 06:39:24,1307.0,b'{}'
1580721862322,2020-02-03 06:24:22,1306.0,b'{}'
1580720959430,2020-02-03 06:09:19,1305.0,b'{}'
1580720059377,2020-02-03 05:54:19,1304.0,b'{}'
1580719155342,2020-02-03 05:39:15,1303.0,b'{}'
1580718253322,2020-02-03 05:24:13,1302.0,b'{}'
1580717351502,2020-02-03 05:09:11,1301.0,b'{}'
1580716448776,2020-02-03 04:54:08,1300.0,b'{}'
1580715545284,2020-02-03 04:39:05,1299.0,b'{}'
1580714642398,2020-02-03 04:24:02,1298.0,b'{}'
1580713740389,2020-02-03 04:09:00,1297.0,b'{}'
1580712838324,2020-02-03 03:53:58,1296.0,b'{}'
1580711936250,2020-02-03 03:38:56,1295.0,b'{}'
1580711034301,2020-02-03 03:23:54,1294.0,b'{}'
1580710132278,2020-02-03 03:08:52,1293.0,b'{}'
1580709230282,2020-02-03 02:53:50,1292.0,b'{}'
1580708327358,2020-02-03 02:38:47,1291.0,b'{}'
1580707424448,2020-02-03 02:23:44,1290.0,b'{}'
1580706521260,2020-02-03 02:08:41,1289.0,b'{}'
1580705619292,2020-02-03 01:53:39,1288.0,b'{}'
1580704717396,2020-02-03 01:38:37,1287.0,b'{}'
1580703814169,2020-02-03 01:23:34,1286.0,b'{}'
1580702912246,2020-02-03 01:08:32,1285.0,b'{}'
1580702011042,2020-02-03 00:53:31,1284.0,b'{}'
1580701108148,2020-02-03 00:38:28,1283.0,b'{}'
1580700206278,2020-02-03 00:23:26,1282.0,b'{}'
1580699303270,2020-02-03 00:08:23,1281.0,b'{}'
1580698400264,2020-02-02 23:53:20,1280.0,b'{}'
1580697497379,2020-02-02 23:38:17,1279.0,b'{}'
1580696595369,2020-02-02 23:23:15,1278.0,b'{}'
1580695692227,2020-02-02 23:08:12,1277.0,b'{}'
1580694790115,2020-02-02 22:53:10,1276.0,b'{}'
1580693887310,2020-02-02 22:38:07,1275.0,b'{}'
1580692985156,2020-02-02 22:23:05,1274.0,b'{}'
1580692082125,2020-02-02 22:08:02,1273.0,b'{}'
1580691180294,2020-02-02 21:53:00,1272.0,b'{}'
1580690277214,2020-02-02 21:37:57,1271.0,b'{}'
1580689375150,2020-02-02 21:22:55,1270.0,b'{}'
1580688473755,2020-02-02 21:07:53,1269.0,b'{}'
1580687569259,2020-02-02 20:52:49,1268.0,b'{}'
1580686667123,2020-02-02 20:37:47,1267.0,b'{}'
1580685764350,2020-02-02 20:22:44,1266.0,b'{}'
1580684862869,2020-02-02 20:07:42,1265.0,b'{}'
1580683959892,2020-02-02 19:52:39,1264.0,b'{}'
1580683056441,2020-02-02 19:37:36,1263.0,b'{}'
1580682154294,2020-02-02 19:22:34,1262.0,b'{}'
1580681252144,2020-02-02 19:07:32,1261.0,b'{}'
1580680350880,2020-02-02 18:52:30,1260.0,b'{}'
1580679447026,2020-02-02 18:37:27,1259.0,b'{}'
1580678545887,2020-02-02 18:22:25,1258.0,b'{}'
1580677642201,2020-02-02 18:07:22,1257.0,b'{}'
1580676738029,2020-02-02 17:52:18,1256.0,b'{}'
1580675837109,2020-02-02 17:37:17,1255.0,b'{}'
1580674933974,2020-02-02 17:22:13,1254.0,b'{}'
1580674031212,2020-02-02 17:07:11,1253.0,b'{}'
1580673129973,2020-02-02 16:52:09,1252.0,b'{}'
1580672227941,2020-02-02 16:37:07,1251.0,b'{}'
1580671324944,2020-02-02 16:22:04,1250.0,b'{}'
1580670423836,2020-02-02 16:07:03,1249.0,b'{}'
1580669520909,2020-02-02 15:52:00,1248.0,b'{}'
1580668618023,2020-02-02 15:36:58,1247.0,b'{}'
1580667715926,2020-02-02 15:21:55,1246.0,b'{}'
1580666813909,2020-02-02 15:06:53,1245.0,b'{}'
1580665913233,2020-02-02 14:51:53,1244.0,b'{}'
1580665009836,2020-02-02 14:36:49,1243.0,b'{}'
1580664106779,2020-02-02 14:21:46,1242.0,b'{}'
1580663203332,2020-02-02 14:06:43,1241.0,b'{}'
1580662300035,2020-02-02 13:51:40,1240.0,b'{}'
1580661396932,2020-02-02 13:36:36,1239.0,b'{}'
1580660495257,2020-02-02 13:21:35,1238.0,b'{}'
1580659591951,2020-02-02 13:06:31,1237.0,b'{}'
1580658689975,2020-02-02 12:51:29,1236.0,b'{}'
1580657787068,2020-02-02 12:36:27,1235.0,b'{}'
1580656884875,2020-02-02 12:21:24,1234.0,b'{}'
1580655982109,2020-02-02 12:06:22,1233.0,b'{}'
1580655079083,2020-02-02 11:51:19,1232.0,b'{}'
1580654176831,2020-02-02 11:36:16,1231.0,b'{}'
1580653274250,2020-02-02 11:21:14,1230.0,b'{}'
1580652372297,2020-02-02 11:06:12,1229.0,b'{}'
1580651468831,2020-02-02 10:51:08,1228.0,b'{}'
1580650566090,2020-02-02 10:36:06,1227.0,b'{}'
1580649663814,2020-02-02 10:21:03,1226.0,b'{}'
1580648761029,2020-02-02 10:06:01,1225.0,b'{}'
1580647858905,2020-02-02 09:50:58,1224.0,b'{}'
1580646956075,2020-02-02 09:35:56,1223.0,b'{}'
1580646053800,2020-02-02 09:20:53,1222.0,b'{}'
1580645150988,2020-02-02 09:05:50,1221.0,b'{}'
1580644248966,2020-02-02 08:50:48,1220.0,b'{}'
1580643346762,2020-02-02 08:35:46,1219.0,b'{}'
1580642445674,2020-02-02 08:20:45,1218.0,b'{}'
1580641541978,2020-02-02 08:05:41,1217.0,b'{}'
1580640639794,2020-02-02 07:50:39,1216.0,b'{}'
1580639736973,2020-02-02 07:35:36,1215.0,b'{}'
1580638834737,2020-02-02 07:20:34,1214.0,b'{}'
1580637932743,2020-02-02 07:05:32,1213.0,b'{}'
1580636606197,2020-02-02 06:43:26,1213.0,b'{}'
